customer_id,recency,frequency,monetary,r_score,f_score,m_score,rfm_score,segment
2,12,1,130.19,5,1,1,511,New Customers
4,546,1,258.98,1,1,2,112,Lost
5,6,6,1390.0900000000001,5,5,5,555,Champions
6,26,2,455.79,5,2,3,523,Potential Loyalists
7,426,1,140.98,1,1,1,111,Lost
9,206,12,2891.7200000000003,2,5,5,255,Loyal Customers
11,84,12,3347.3199999999997,4,5,5,455,Champions
13,7,14,2660.05,5,5,5,555,Champions
14,62,1,163.78,4,1,2,412,New Customers
16,548,1,467.99,1,1,3,113,Lost
17,9,3,1340.76,5,3,5,535,Loyal Customers
18,301,8,2289.82,2,5,5,255,Loyal Customers
19,21,10,1489.05,5,5,5,555,Champions
21,12,1,41.580000000000005,5,1,1,511,New Customers
23,35,3,1097.22,4,3,4,434,Loyal Customers
24,220,1,101.84,2,1,1,211,Needs Attention
28,396,3,427.15,1,3,3,133,Lost
29,25,7,1824.29,5,5,5,555,Champions
30,120,2,388.45000000000005,3,2,3,323,Needs Attention
32,74,2,1014.24,4,2,4,424,Potential Loyalists
33,435,1,507.96000000000004,1,1,3,113,Lost
37,98,5,620.9100000000001,3,4,3,343,Loyal Customers
38,527,19,4758.32,1,5,5,155,Loyal Customers
41,36,4,744.97,4,4,4,444,Champions
44,84,2,614.1999999999999,4,2,3,423,Potential Loyalists
45,15,1,113.39000000000001,5,1,1,511,New Customers
47,139,2,220.07999999999998,3,2,2,322,Needs Attention
48,15,72,15682.560000000001,5,5,5,555,Champions
49,37,2,187.53000000000003,4,2,2,422,Potential Loyalists
51,7,2,253.67000000000002,5,2,2,522,Potential Loyalists
52,31,3,317.3,5,3,2,532,Potential Loyalists
53,119,3,490.53999999999996,3,3,3,333,At Risk
54,21,11,1994.77,5,5,5,555,Champions
55,37,3,518.0400000000001,4,3,3,433,Potential Loyalists
56,9,3,484.65,5,3,3,533,Potential Loyalists
57,311,4,257.65000000000003,2,4,2,242,Loyal Customers
58,88,2,174.93,3,2,2,322,Needs Attention
59,320,3,627.77,2,3,3,233,At Risk
65,36,1,113.39000000000001,4,1,1,411,New Customers
66,594,7,2069.2400000000002,1,5,5,155,Loyal Customers
68,506,5,1133.4,1,4,4,144,Loyal Customers
70,248,1,564.85,2,1,3,213,Needs Attention
71,397,1,212.99,1,1,2,112,Lost
72,582,1,126.99,1,1,1,111,Lost
74,3,2,644.24,5,2,3,523,Potential Loyalists
78,230,4,776.57,2,4,4,244,Loyal Customers
79,13,8,811.05,5,5,4,554,Champions
84,395,2,261.5,1,2,2,122,Lost
85,114,9,2318.73,3,5,5,355,Loyal Customers
87,23,1,57.33,5,1,1,511,New Customers
88,37,4,1681.57,4,4,5,445,Champions
89,266,12,2691.34,2,5,5,255,Loyal Customers
90,247,3,1374.5,2,3,5,235,At Risk
91,197,1,277.78999999999996,2,1,2,212,Needs Attention
92,662,1,307.97,1,1,2,112,Lost
94,52,2,139.87,4,2,1,421,Potential Loyalists
96,417,7,977.87,1,5,4,154,Loyal Customers
97,10,7,2008.95,5,5,5,555,Champions
98,452,1,329.96,1,1,3,113,Lost
99,260,1,55.24,2,1,1,211,Needs Attention
100,349,5,1069.57,2,4,4,244,Loyal Customers
101,43,1,110.23,4,1,1,411,New Customers
103,13,1,81.88,5,1,1,511,New Customers
106,74,2,161.32999999999998,4,2,2,422,Potential Loyalists
107,147,18,2878.63,3,5,5,355,Loyal Customers
108,557,2,529.96,1,2,3,123,Lost
112,14,5,1090.43,5,4,4,544,Champions
113,17,5,745.64,5,4,4,544,Champions
114,653,1,203.94,1,1,2,112,Lost
115,223,34,7184.52,2,5,5,255,Loyal Customers
116,607,1,255.98000000000002,1,1,2,112,Lost
119,176,2,518.3299999999999,3,2,3,323,Needs Attention
122,182,2,319.63,3,2,2,322,Needs Attention
123,44,11,5488.070000000001,4,5,5,455,Champions
124,130,1,101.84,3,1,1,311,Needs Attention
126,443,6,1492.28,1,5,5,155,Loyal Customers
127,4,1,158.51,5,1,2,512,New Customers
133,135,6,1134.44,3,5,4,354,Loyal Customers
135,32,38,9530.43,4,5,5,455,Champions
136,131,2,81.08000000000001,3,2,1,321,Needs Attention
137,326,1,27.939999999999998,2,1,1,211,Needs Attention
138,28,7,878.37,5,5,4,554,Champions
139,443,1,87.98,1,1,1,111,Lost
141,658,1,76.94,1,1,1,111,Lost
143,400,2,192.92,1,2,2,122,Lost
144,298,2,1320.8400000000001,2,2,4,224,Needs Attention
145,269,2,228.05999999999997,2,2,2,222,Needs Attention
150,57,2,628.96,4,2,3,423,Potential Loyalists
151,9,3,1089.76,5,3,4,534,Loyal Customers
152,84,1,148.03,4,1,2,412,New Customers
159,240,3,1132.09,2,3,4,234,At Risk
160,136,1,86.09,3,1,1,311,Needs Attention
162,217,1,227.81,2,1,2,212,Needs Attention
163,505,6,1529.78,1,5,5,155,Loyal Customers
167,59,4,846.02,4,4,4,444,Champions
168,137,1,27.939999999999998,3,1,1,311,Needs Attention
170,247,3,431.65,2,3,3,233,At Risk
171,227,3,744.93,2,3,4,234,At Risk
175,103,6,2683.4700000000003,3,5,5,355,Loyal Customers
181,453,14,3429.44,1,5,5,155,Loyal Customers
185,56,2,265.23,4,2,2,422,Potential Loyalists
186,77,4,611.7,4,4,3,443,Champions
187,23,5,1341.77,5,4,5,545,Champions
188,12,1,125.97999999999999,5,1,1,511,New Customers
189,119,2,527.6800000000001,3,2,3,323,Needs Attention
191,522,1,256.98,1,1,2,112,Lost
192,24,4,648.19,5,4,3,543,Champions
195,208,2,385.28999999999996,2,2,3,223,Needs Attention
196,580,1,166.98,1,1,2,112,Lost
199,112,5,1813.79,3,4,5,345,Loyal Customers
202,161,2,953.3500000000001,3,2,4,324,Needs Attention
203,177,4,1522.15,3,4,5,345,Loyal Customers
206,359,5,1596.48,2,4,5,245,Loyal Customers
207,310,3,253.76,2,3,2,232,At Risk
208,87,7,1045.82,3,5,4,354,Loyal Customers
213,42,2,284.43,4,2,2,422,Potential Loyalists
214,237,2,249.6,2,2,2,222,Needs Attention
216,12,4,1920.98,5,4,5,545,Champions
217,555,1,113.97999999999999,1,1,1,111,Lost
219,364,1,500.84,2,1,3,213,Needs Attention
222,339,1,110.24,2,1,1,211,Needs Attention
225,44,1,77.49,4,1,1,411,New Customers
226,510,9,2385.25,1,5,5,155,Loyal Customers
228,238,1,17.44,2,1,1,211,Needs Attention
231,34,8,1995.01,4,5,5,455,Champions
232,113,2,469.29999999999995,3,2,3,323,Needs Attention
233,89,3,777.8000000000001,3,3,4,334,Loyal Customers
234,89,5,1858.42,3,4,5,345,Loyal Customers
235,47,11,2475.84,4,5,5,455,Champions
236,130,4,567.98,3,4,3,343,Loyal Customers
237,3,8,1666.8600000000001,5,5,5,555,Champions
239,458,7,2030.76,1,5,5,155,Loyal Customers
240,80,3,293.54,4,3,2,432,Potential Loyalists
244,239,1,141.74,2,1,1,211,Needs Attention
245,67,5,916.3699999999999,4,4,4,444,Champions
247,399,10,2677.78,1,5,5,155,Loyal Customers
248,316,1,101.84,2,1,1,211,Needs Attention
249,0,20,4872.28,5,5,5,555,Champions
250,213,4,398.76000000000005,2,4,3,243,Loyal Customers
251,437,1,141.99,1,1,1,111,Lost
256,248,3,1007.3599999999999,2,3,4,234,At Risk
258,496,2,180.91,1,2,2,122,Lost
259,81,3,821.5,4,3,4,434,Loyal Customers
260,34,4,712.05,4,4,4,444,Champions
262,279,1,197.38,2,1,2,212,Needs Attention
263,249,3,300.56,2,3,2,232,At Risk
264,162,3,472.85999999999996,3,3,3,333,At Risk
266,3,8,1924.8500000000001,5,5,5,555,Champions
268,348,1,72.04,2,1,1,211,Needs Attention
269,3,6,993.02,5,5,4,554,Champions
270,98,1,222.56,3,1,2,312,Needs Attention
271,29,6,1430.7400000000002,5,5,5,555,Champions
274,281,9,2699.1800000000003,2,5,5,255,Loyal Customers
275,397,1,817.95,1,1,4,114,Lost
278,194,1,79.78,3,1,1,311,Needs Attention
279,35,2,340.15,4,2,3,423,Potential Loyalists
280,32,2,481.9,4,2,3,423,Potential Loyalists
283,376,19,4288.42,1,5,5,155,Loyal Customers
284,252,2,198.82999999999998,2,2,2,222,Needs Attention
285,246,3,234.71,2,3,2,232,At Risk
287,706,1,101.98,1,1,1,111,Lost
289,217,2,298.17,2,2,2,222,Needs Attention
294,19,10,1918.56,5,5,5,555,Champions
295,43,2,171.62,4,2,2,422,Potential Loyalists
297,617,1,52.940000000000005,1,1,1,111,Lost
298,410,1,191.98000000000002,1,1,2,112,Lost
299,602,2,649.9200000000001,1,2,3,123,Lost
300,27,2,188.95999999999998,5,2,2,522,Potential Loyalists
301,11,4,958.14,5,4,4,544,Champions
302,33,8,1724.24,4,5,5,455,Champions
303,577,2,326.92,1,2,3,123,Lost
304,364,9,1606.18,2,5,5,255,Loyal Customers
306,256,4,712.03,2,4,4,244,Loyal Customers
307,23,51,11867.24,5,5,5,555,Champions
308,135,1,208.92000000000002,3,1,2,312,Needs Attention
309,630,2,555.9399999999999,1,2,3,123,Lost
311,203,3,342.91999999999996,2,3,3,233,At Risk
317,29,1,243.57,5,1,2,512,New Customers
319,41,1,171.12,4,1,2,412,New Customers
320,296,3,322.81000000000006,2,3,2,232,At Risk
321,621,1,171.99,1,1,2,112,Lost
323,273,1,27.939999999999998,2,1,1,211,Needs Attention
325,540,1,61.940000000000005,1,1,1,111,Lost
327,336,1,167.98,2,1,2,212,Needs Attention
330,363,2,504.32,2,2,3,223,Needs Attention
333,143,1,47.89,3,1,1,311,Needs Attention
334,236,10,1499.52,2,5,5,255,Loyal Customers
335,523,1,153.99,1,1,2,112,Lost
336,273,7,1738.67,2,5,5,255,Loyal Customers
337,131,3,1343.42,3,3,5,335,Loyal Customers
339,36,8,2609.9700000000003,4,5,5,455,Champions
341,127,3,2105.15,3,3,5,335,Loyal Customers
343,311,20,3390.1400000000003,2,5,5,255,Loyal Customers
344,212,1,86.09,2,1,1,211,Needs Attention
347,200,2,387.43,2,2,3,223,Needs Attention
350,248,2,1098.21,2,2,4,224,Needs Attention
353,91,1,148.03,3,1,2,312,Needs Attention
356,68,1,319.16,4,1,2,412,New Customers
359,188,1,225.72,3,1,2,312,Needs Attention
360,679,1,252.95999999999998,1,1,2,112,Lost
363,18,1,80.44,5,1,1,511,New Customers
364,6,4,566.53,5,4,3,543,Champions
367,13,3,431.1,5,3,3,533,Potential Loyalists
368,368,2,325.89,2,2,2,222,Needs Attention
369,0,1,90.29,5,1,1,511,New Customers
370,133,2,758.0600000000001,3,2,4,324,Needs Attention
371,191,7,1880.95,3,5,5,355,Loyal Customers
376,220,2,374.82,2,2,3,223,Needs Attention
377,209,1,276.11,2,1,2,212,Needs Attention
378,394,1,131.99,1,1,1,111,Lost
379,249,8,1130.2,2,5,4,254,Loyal Customers
380,316,2,172.03,2,2,2,222,Needs Attention
381,17,2,197.18,5,2,2,522,Potential Loyalists
382,31,13,2622.92,5,5,5,555,Champions
383,31,4,1060.6299999999999,5,4,4,544,Champions
384,95,29,5887.57,3,5,5,355,Loyal Customers
385,27,1,39.7,5,1,1,511,New Customers
386,371,1,356.36,1,1,3,113,Lost
388,31,3,255.76999999999998,5,3,2,532,Potential Loyalists
389,130,4,756.59,3,4,4,344,Loyal Customers
391,102,9,1872.1200000000001,3,5,5,355,Loyal Customers
393,37,1,156.43,4,1,2,412,New Customers
394,572,3,412.96000000000004,1,3,3,133,Lost
395,377,4,1620.08,1,4,5,145,Loyal Customers
396,513,4,1167.93,1,4,4,144,Loyal Customers
397,559,2,615.9000000000001,1,2,3,123,Lost
398,16,5,558.13,5,4,3,543,Champions
399,2,20,4488.57,5,5,5,555,Champions
400,410,3,234.87,1,3,2,132,Lost
401,69,9,2084.6800000000003,4,5,5,455,Champions
402,188,1,519.71,3,1,3,313,Needs Attention
403,32,2,152.25,4,2,2,422,Potential Loyalists
405,16,16,4048.05,5,5,5,555,Champions
406,181,1,155.9,3,1,2,312,Needs Attention
407,37,11,3069.87,4,5,5,455,Champions
409,72,3,592.79,4,3,3,433,Potential Loyalists
411,14,4,453.37,5,4,3,543,Champions
413,24,1,556.46,5,1,3,513,New Customers
414,168,1,211.04,3,1,2,312,Needs Attention
417,471,1,125.09,1,1,1,111,Lost
419,64,1,81.89,4,1,1,411,New Customers
422,6,10,1958.26,5,5,5,555,Champions
424,378,27,6964.95,1,5,5,155,Loyal Customers
425,85,1,598.45,3,1,3,313,Needs Attention
427,32,2,506.93,4,2,3,423,Potential Loyalists
431,524,1,208.99,1,1,2,112,Lost
435,213,3,963.18,2,3,4,234,At Risk
439,320,1,669.8100000000001,2,1,3,213,Needs Attention
440,311,1,500.84,2,1,3,213,Needs Attention
441,15,6,550.78,5,5,3,553,Champions
443,13,53,12285.15,5,5,5,555,Champions
444,9,1,278.23,5,1,2,512,New Customers
445,7,24,6653.67,5,5,5,555,Champions
446,1,1,69.09,5,1,1,511,New Customers
447,111,1,68.89,3,1,1,311,Needs Attention
452,194,1,79.39,3,1,1,311,Needs Attention
454,26,1,119.27000000000001,5,1,1,511,New Customers
455,18,1,163.78,5,1,2,512,New Customers
456,55,7,1517.01,4,5,5,455,Champions
457,69,1,228.87,4,1,2,412,New Customers
458,142,6,1271.6,3,5,4,354,Loyal Customers
461,185,1,532.34,3,1,3,313,Needs Attention
462,43,2,1273.6100000000001,4,2,4,424,Potential Loyalists
463,367,1,155.18,2,1,2,212,Needs Attention
464,556,3,728.85,1,3,4,134,Lost
466,157,1,31.09,3,1,1,311,Needs Attention
470,574,3,633.9100000000001,1,3,3,133,Lost
473,61,8,2384.92,4,5,5,455,Champions
474,17,1,178.91,5,1,2,512,New Customers
475,54,1,149.09,4,1,2,412,New Customers
476,1,3,999.87,5,3,4,534,Loyal Customers
479,68,3,1003.98,4,3,4,434,Loyal Customers
481,158,4,614.13,3,4,3,343,Loyal Customers
482,78,7,2509.7999999999997,4,5,5,455,Champions
483,295,1,541.78,2,1,3,213,Needs Attention
484,382,5,1492.91,1,4,5,145,Loyal Customers
485,1,2,270.24,5,2,2,522,Potential Loyalists
486,271,2,264.58000000000004,2,2,2,222,Needs Attention
487,8,3,200.34,5,3,2,532,Potential Loyalists
488,46,2,331.77,4,2,3,423,Potential Loyalists
489,98,2,195.91000000000003,3,2,2,322,Needs Attention
490,315,1,115.49,2,1,1,211,Needs Attention
492,7,3,424.15999999999997,5,3,3,533,Potential Loyalists
493,34,1,262.48,4,1,2,412,New Customers
494,215,4,1550.3700000000001,2,4,5,245,Loyal Customers
496,57,3,202.87,4,3,2,432,Potential Loyalists
497,209,1,232.46000000000004,2,1,2,212,Needs Attention
498,34,2,202.23000000000002,4,2,2,422,Potential Loyalists
499,253,2,87.07000000000001,2,2,1,221,Needs Attention
500,374,1,13.34,1,1,1,111,Lost
501,19,5,1225.51,5,4,4,544,Champions
502,313,6,1015.5600000000001,2,5,4,254,Loyal Customers
505,96,2,181.23000000000002,3,2,2,322,Needs Attention
506,625,5,460.8,1,4,3,143,Loyal Customers
507,109,20,5551.75,3,5,5,355,Loyal Customers
508,375,1,75.74,1,1,1,111,Lost
509,82,2,272.17,4,2,2,422,Potential Loyalists
510,610,2,534.94,1,2,3,123,Lost
511,682,2,109.92999999999999,1,2,1,121,Lost
512,9,2,100.4,5,2,1,521,Potential Loyalists
514,53,1,125.97,4,1,1,411,New Customers
516,11,1,88.16,5,1,1,511,New Customers
518,1,1,17.44,5,1,1,511,New Customers
519,53,37,6823.2300000000005,4,5,5,455,Champions
520,230,1,91.34,2,1,1,211,Needs Attention
521,43,1,72.04,4,1,1,411,New Customers
522,3,2,285.56000000000006,5,2,2,522,Potential Loyalists
524,335,1,292.93,2,1,2,212,Needs Attention
525,117,6,916.1400000000001,3,5,4,354,Loyal Customers
526,279,13,2842.26,2,5,5,255,Loyal Customers
528,38,3,1264.94,4,3,4,434,Loyal Customers
529,115,1,701.35,3,1,4,314,Needs Attention
531,321,2,1138.65,2,2,4,224,Needs Attention
535,189,3,446.31,3,3,3,333,At Risk
536,503,1,68.94,1,1,1,111,Lost
538,622,1,372.57,1,1,3,113,Lost
539,211,2,181.22000000000003,2,2,2,222,Needs Attention
540,471,4,818.81,1,4,4,144,Loyal Customers
541,120,1,79.79,3,1,1,311,Needs Attention
543,141,1,549.13,3,1,3,313,Needs Attention
544,1,1,67.42,5,1,1,511,New Customers
548,566,1,380.96000000000004,1,1,3,113,Lost
549,10,9,2120.79,5,5,5,555,Champions
550,675,7,1078.75,1,5,4,154,Loyal Customers
551,33,6,1050.59,4,5,4,454,Champions
554,394,1,58.940000000000005,1,1,1,111,Lost
555,80,3,689.81,4,3,4,434,Loyal Customers
557,45,1,192.13,4,1,2,412,New Customers
558,198,1,93.43,2,1,1,211,Needs Attention
560,325,3,1349.44,2,3,5,235,At Risk
564,26,3,272.57,5,3,2,532,Potential Loyalists
568,722,1,24.939999999999998,1,1,1,111,Lost
572,583,34,8216.2,1,5,5,155,Loyal Customers
575,5,1,93.44,5,1,1,511,New Customers
576,28,4,658.36,5,4,3,543,Champions
577,26,4,955.4000000000001,5,4,4,544,Champions
578,249,1,192.76,2,1,2,212,Needs Attention
579,2,6,1121.06,5,5,4,554,Champions
585,505,2,184.98,1,2,2,122,Lost
588,419,2,728.9000000000001,1,2,4,124,Lost
590,17,4,725.04,5,4,4,544,Champions
591,36,5,907.99,4,4,4,444,Champions
592,420,2,315.98,1,2,2,122,Lost
594,30,14,2200.62,5,5,5,555,Champions
595,61,2,617.35,4,2,3,423,Potential Loyalists
597,319,3,1073.23,2,3,4,234,At Risk
598,10,1,87.34,5,1,1,511,New Customers
599,387,1,65.94,1,1,1,111,Lost
600,80,6,1274.23,4,5,4,454,Champions
602,543,12,2672.4700000000003,1,5,5,155,Loyal Customers
603,115,1,80.44,3,1,1,311,Needs Attention
604,232,10,1945.31,2,5,5,255,Loyal Customers
605,193,4,1099.91,3,4,4,344,Loyal Customers
607,181,7,1068.49,3,5,4,354,Loyal Customers
608,74,2,91.57,4,2,1,421,Potential Loyalists
609,106,1,46.84,3,1,1,311,Needs Attention
610,625,2,588.9000000000001,1,2,3,123,Lost
612,608,9,1313.7,1,5,4,154,Loyal Customers
613,194,1,28.99,3,1,1,311,Needs Attention
614,36,1,75.59,4,1,1,411,New Customers
616,179,2,541.5699999999999,3,2,3,323,Needs Attention
617,644,1,624.97,1,1,3,113,Lost
618,153,3,339.02,3,3,3,333,At Risk
623,75,1,102.89,4,1,1,411,New Customers
624,310,1,43.690000000000005,2,1,1,211,Needs Attention
626,181,1,141.74,3,1,1,311,Needs Attention
627,34,2,921.07,4,2,4,424,Potential Loyalists
628,278,1,175.34,2,1,2,212,Needs Attention
636,290,1,130.19,2,1,1,211,Needs Attention
641,29,3,1280.93,5,3,4,534,Loyal Customers
642,3,3,1060.0500000000002,5,3,4,534,Loyal Customers
644,165,2,130.42000000000002,3,2,1,321,Needs Attention
647,22,3,628.89,5,3,3,533,Potential Loyalists
648,14,4,1445.29,5,4,5,545,Champions
649,27,2,1239.98,5,2,4,524,Potential Loyalists
651,496,2,556.96,1,2,3,123,Lost
652,70,1,237.28,4,1,2,412,New Customers
656,492,5,862.76,1,4,4,144,Loyal Customers
657,59,4,594.8800000000001,4,4,3,443,Champions
658,543,1,57.940000000000005,1,1,1,111,Lost
659,87,8,1538.69,3,5,5,355,Loyal Customers
662,494,1,139.99,1,1,1,111,Lost
664,454,1,529.99,1,1,3,113,Lost
667,226,1,271.29,2,1,2,212,Needs Attention
668,17,11,2463.12,5,5,5,555,Champions
669,293,1,15.34,2,1,1,211,Needs Attention
672,52,1,555.41,4,1,3,413,New Customers
675,18,3,417.46000000000004,5,3,3,533,Potential Loyalists
676,575,1,153.99,1,1,2,112,Lost
678,39,2,710.7800000000001,4,2,4,424,Potential Loyalists
679,148,1,63.64,3,1,1,311,Needs Attention
681,148,1,683.5,3,1,4,314,Needs Attention
682,50,4,636.8699999999999,4,4,3,443,Champions
683,418,2,341.16,1,2,3,123,Lost
686,248,11,2950.6800000000003,2,5,5,255,Loyal Customers
687,25,7,1293.3000000000002,5,5,4,554,Champions
688,104,1,131.24,3,1,1,311,Needs Attention
689,31,4,998.06,5,4,4,544,Champions
692,215,1,298.18,2,1,2,212,Needs Attention
693,217,4,1513.1399999999999,2,4,5,245,Loyal Customers
698,635,2,372.55000000000007,1,2,3,123,Lost
704,36,1,181.41,4,1,2,412,New Customers
706,286,1,174.91,2,1,2,212,Needs Attention
708,91,1,141.74,3,1,1,311,Needs Attention
710,274,11,2789.15,2,5,5,255,Loyal Customers
711,256,2,494.5,2,2,3,223,Needs Attention
712,281,3,208.06,2,3,2,232,At Risk
713,75,4,480.24,4,4,3,443,Champions
717,10,3,363.17,5,3,3,533,Potential Loyalists
718,203,1,138.59,2,1,1,211,Needs Attention
719,35,1,59.02000000000001,4,1,1,411,New Customers
720,34,1,211.04,4,1,2,412,New Customers
721,10,10,2016.7199999999998,5,5,5,555,Champions
724,627,5,1498.81,1,4,5,145,Loyal Customers
725,238,9,1143.6100000000001,2,5,4,254,Loyal Customers
727,26,10,2193.64,5,5,5,555,Champions
728,7,2,316.23,5,2,2,522,Potential Loyalists
731,389,6,1109.6100000000001,1,5,4,154,Loyal Customers
732,214,2,227.42000000000002,2,2,2,222,Needs Attention
734,323,4,1086.15,2,4,4,244,Loyal Customers
735,642,16,3842.92,1,5,5,155,Loyal Customers
737,99,10,1683.5,3,5,5,355,Loyal Customers
738,592,12,2237.37,1,5,5,155,Loyal Customers
739,115,2,542.8,3,2,3,323,Needs Attention
741,111,1,63.64,3,1,1,311,Needs Attention
745,358,8,2443.37,2,5,5,255,Loyal Customers
747,23,8,1877.73,5,5,5,555,Champions
748,690,3,497.91,1,3,3,133,Lost
750,227,1,130.18,2,1,1,211,Needs Attention
752,40,1,59.02000000000001,4,1,1,411,New Customers
755,18,1,113.39000000000001,5,1,1,511,New Customers
757,212,1,178.83,2,1,2,212,Needs Attention
758,337,4,344.53999999999996,2,4,3,243,Loyal Customers
759,427,4,1117.8500000000001,1,4,4,144,Loyal Customers
761,374,1,23.939999999999998,1,1,1,111,Lost
766,573,1,150.98,1,1,2,112,Lost
768,125,1,15.34,3,1,1,311,Needs Attention
769,10,1,325.47,5,1,2,512,New Customers
770,450,2,889.14,1,2,4,124,Lost
772,380,1,75.94,1,1,1,111,Lost
773,1,1,125.98,5,1,1,511,New Customers
775,397,5,520.4399999999999,1,4,3,143,Loyal Customers
776,322,3,835.02,2,3,4,234,At Risk
778,291,4,395.95,2,4,3,243,Loyal Customers
779,34,1,68.89,4,1,1,411,New Customers
780,13,11,2210.4500000000003,5,5,5,555,Champions
781,61,1,241.49,4,1,2,412,New Customers
783,18,2,439.27000000000004,5,2,3,523,Potential Loyalists
785,0,1,98.68,5,1,1,511,New Customers
788,3,11,2330.0,5,5,5,555,Champions
789,454,1,45.940000000000005,1,1,1,111,Lost
790,4,1,28.99,5,1,1,511,New Customers
794,68,2,507.11,4,2,3,423,Potential Loyalists
795,226,1,621.5500000000001,2,1,3,213,Needs Attention
797,562,2,432.97,1,2,3,123,Lost
800,36,1,284.51,4,1,2,412,New Customers
801,308,1,103.92999999999999,2,1,1,211,Needs Attention
802,13,2,347.56,5,2,3,523,Potential Loyalists
803,1,21,4726.47,5,5,5,555,Champions
804,211,2,1355.4499999999998,2,2,5,225,Needs Attention
805,296,1,883.02,2,1,4,214,Needs Attention
806,145,1,197.38,3,1,2,312,Needs Attention
807,71,2,837.83,4,2,4,424,Potential Loyalists
810,69,1,95.52,4,1,1,411,New Customers
814,20,3,1228.41,5,3,4,534,Loyal Customers
817,235,1,173.24,2,1,2,212,Needs Attention
819,18,1,28.779999999999998,5,1,1,511,New Customers
826,281,2,500.4,2,2,3,223,Needs Attention
827,136,4,1878.37,3,4,5,345,Loyal Customers
828,201,1,78.74,2,1,1,211,Needs Attention
829,155,1,113.38,3,1,1,311,Needs Attention
830,87,9,1583.9,3,5,5,355,Loyal Customers
831,194,3,689.42,3,3,4,334,Loyal Customers
832,31,2,204.96,5,2,2,522,Potential Loyalists
836,107,2,183.32999999999998,3,3,2,332,At Risk
837,199,3,585.11,2,3,3,233,At Risk
838,209,10,1722.96,2,5,5,255,Loyal Customers
840,284,17,4035.3,2,5,5,255,Loyal Customers
841,130,1,27.939999999999998,3,1,1,311,Needs Attention
842,127,1,154.32,3,1,2,312,Needs Attention
844,201,1,85.03,2,1,1,211,Needs Attention
845,537,4,1617.8500000000001,1,4,5,145,Loyal Customers
846,323,2,275.37,2,3,2,232,At Risk
847,222,3,1121.22,2,3,4,234,At Risk
848,33,2,350.05000000000007,4,3,3,433,Potential Loyalists
849,41,2,349.39,4,3,3,433,Potential Loyalists
851,156,1,53.14,3,1,1,311,Needs Attention
852,20,4,262.19,5,4,2,542,Champions
853,674,4,634.29,1,4,3,143,Loyal Customers
856,72,12,4104.1900000000005,4,5,5,455,Champions
858,246,5,1341.31,2,4,5,245,Loyal Customers
859,2,1,83.98,5,1,1,511,New Customers
861,66,2,446.21000000000004,4,3,3,433,Potential Loyalists
863,44,2,229.93,4,3,2,432,Potential Loyalists
866,396,2,98.88000000000001,1,3,1,131,Lost
868,553,2,298.23,1,3,2,132,Lost
870,141,1,718.1600000000001,3,1,4,314,Needs Attention
875,412,2,666.0600000000001,1,3,3,133,Lost
876,382,5,674.0699999999999,1,4,3,143,Loyal Customers
878,230,1,170.09,2,1,2,212,Needs Attention
880,60,1,76.43,4,1,1,411,New Customers
881,283,1,138.59,2,1,1,211,Needs Attention
883,93,1,170.09,3,1,2,312,Needs Attention
885,22,28,6311.030000000001,5,5,5,555,Champions
886,11,6,890.5699999999999,5,5,4,554,Champions
887,583,5,557.0899999999999,1,4,3,143,Loyal Customers
889,428,1,323.98,1,1,2,112,Lost
890,15,10,2363.33,5,5,5,555,Champions
892,583,1,220.98000000000002,1,1,2,112,Lost
894,103,3,620.76,3,3,3,333,At Risk
898,654,5,1256.8600000000001,1,4,4,144,Loyal Customers
899,78,1,50.410000000000004,4,1,1,411,New Customers
900,407,2,341.96000000000004,1,3,3,133,Lost
901,217,1,208.9,2,1,2,212,Needs Attention
902,405,1,21.34,1,1,1,111,Lost
904,646,8,1074.31,1,5,4,154,Loyal Customers
905,57,3,587.55,4,3,3,433,Potential Loyalists
906,14,1,60.49,5,1,1,511,New Customers
907,171,2,494.32000000000005,3,3,3,333,At Risk
910,105,1,509.22999999999996,3,1,3,313,Needs Attention
912,358,1,118.12,2,1,1,211,Needs Attention
913,368,3,509.89,2,3,3,233,At Risk
914,31,2,351.07,5,3,3,533,Potential Loyalists
915,348,2,715.6800000000001,2,3,4,234,At Risk
917,35,1,63.64,4,1,1,411,New Customers
920,202,7,1302.67,2,5,4,254,Loyal Customers
922,33,4,1104.52,4,4,4,444,Champions
923,105,5,1312.8200000000002,3,4,4,344,Loyal Customers
924,9,6,840.1899999999999,5,5,4,554,Champions
925,134,1,359.06,3,1,3,313,Needs Attention
926,411,1,251.97,1,1,2,112,Lost
928,17,2,324.22,5,3,2,532,Potential Loyalists
929,153,1,82.91999999999999,3,1,1,311,Needs Attention
930,179,20,3696.17,3,5,5,355,Loyal Customers
934,6,6,1124.26,5,5,4,554,Champions
938,31,2,855.68,5,3,4,534,Loyal Customers
942,217,7,2082.4,2,5,5,255,Loyal Customers
943,29,4,730.14,5,4,4,544,Champions
945,176,2,1258.85,3,3,4,334,Loyal Customers
947,11,2,677.85,5,3,3,533,Potential Loyalists
948,27,3,258.92,5,3,2,532,Potential Loyalists
949,254,4,430.70000000000005,2,4,3,243,Loyal Customers
951,144,4,343.21000000000004,3,4,3,343,Loyal Customers
954,213,2,643.6,2,3,3,233,At Risk
962,79,7,1755.3300000000002,4,5,5,455,Champions
963,389,1,167.19,1,1,2,112,Lost
964,102,3,329.26,3,3,3,333,At Risk
966,17,6,2155.27,5,5,5,555,Champions
967,19,9,1787.8000000000002,5,5,5,555,Champions
968,208,2,667.71,2,3,3,233,At Risk
969,51,1,79.39,4,1,1,411,New Customers
971,31,2,182.49,5,3,2,532,Potential Loyalists
972,15,7,1090.0300000000002,5,5,4,554,Champions
976,329,3,1004.28,2,3,4,234,At Risk
977,33,4,679.49,4,4,4,444,Champions
980,52,3,693.19,4,3,4,434,Loyal Customers
981,14,1,123.47,5,1,1,511,New Customers
982,29,2,325.44,5,3,2,532,Potential Loyalists
983,22,4,954.82,5,4,4,544,Champions
984,81,1,382.15999999999997,4,1,3,413,New Customers
986,402,1,423.97,1,1,3,113,Lost
987,29,2,196.89,5,3,2,532,Potential Loyalists
988,309,1,130.16,2,1,1,211,Needs Attention
990,112,4,651.5699999999999,3,4,3,343,Loyal Customers
991,35,1,170.08,4,1,2,412,New Customers
994,133,5,1589.46,3,4,5,345,Loyal Customers
999,92,1,434.65000000000003,3,1,3,313,Needs Attention
1001,22,4,889.27,5,4,4,544,Champions
1002,152,4,1302.5600000000002,3,4,4,344,Loyal Customers
1003,39,1,277.18,4,1,2,412,New Customers
1004,96,3,1754.0900000000001,3,3,5,335,Loyal Customers
1005,48,1,60.49,4,1,1,411,New Customers
1007,156,1,204.73000000000002,3,1,2,312,Needs Attention
1010,700,1,76.93,1,1,1,111,Lost
1011,34,11,2098.48,4,5,5,455,Champions
1012,142,8,1623.28,3,5,5,355,Loyal Customers
1014,278,3,418.5,2,3,3,233,At Risk
1019,392,4,1059.21,1,4,4,144,Loyal Customers
1020,24,1,356.98,5,1,3,513,New Customers
1021,204,3,873.09,2,3,4,234,At Risk
1024,397,2,297.97,1,3,2,132,Lost
1026,32,9,1150.06,4,5,4,454,Champions
1027,564,1,239.99,1,1,2,112,Lost
1029,28,7,1513.53,5,5,5,555,Champions
1033,368,2,568.53,2,3,3,233,At Risk
1035,36,2,762.27,4,3,4,434,Loyal Customers
1037,384,1,297.56,1,1,2,112,Lost
1038,95,2,632.0600000000001,3,3,3,333,At Risk
1039,244,4,404.97,2,4,3,243,Loyal Customers
1040,39,3,490.72,4,3,3,433,Potential Loyalists
1042,152,1,67.83,3,1,1,311,Needs Attention
1043,118,1,43.690000000000005,3,1,1,311,Needs Attention
1044,11,11,1710.06,5,5,5,555,Champions
1046,697,2,823.9200000000001,1,3,4,134,Lost
1047,467,11,1817.55,1,5,5,155,Loyal Customers
1052,557,1,164.99,1,1,2,112,Lost
1053,704,1,96.99,1,1,1,111,Lost
1054,26,1,851.49,5,1,4,514,New Customers
1058,98,13,2889.81,3,5,5,355,Loyal Customers
1059,158,2,422.05000000000007,3,3,3,333,At Risk
1060,300,1,94.48,2,1,1,211,Needs Attention
1061,20,5,2171.26,5,4,5,545,Champions
1062,99,5,726.13,3,4,4,344,Loyal Customers
1064,170,11,2027.26,3,5,5,355,Loyal Customers
1068,524,4,1358.8500000000001,1,4,5,145,Loyal Customers
1071,82,2,922.88,4,3,4,434,Loyal Customers
1073,42,14,2940.1,4,5,5,455,Champions
1077,666,6,1820.38,1,5,5,155,Loyal Customers
1079,32,1,35.29,4,1,1,411,New Customers
1080,311,10,3624.42,2,5,5,255,Loyal Customers
1081,464,1,313.97,1,1,2,112,Lost
1084,699,1,68.94,1,1,1,111,Lost
1085,84,9,1854.1,4,5,5,455,Champions
1089,120,1,159.58,3,1,2,312,Needs Attention
1091,34,12,2296.35,4,5,5,455,Champions
1095,107,1,59.440000000000005,3,1,1,311,Needs Attention
1096,247,1,972.7700000000001,2,1,4,214,Needs Attention
1097,92,2,509.21000000000004,3,3,3,333,At Risk
1098,425,1,250.98000000000002,1,1,2,112,Lost
1100,155,2,408.42,3,3,3,333,At Risk
1101,29,1,23.74,5,1,1,511,New Customers
1102,37,1,1000.6,4,1,4,414,New Customers
1103,72,1,222.57999999999998,4,1,2,412,New Customers
1104,193,75,16144.94,3,5,5,355,Loyal Customers
1106,84,6,1421.05,4,5,5,455,Champions
1107,345,6,1676.68,2,5,5,255,Loyal Customers
1108,107,3,651.5799999999999,3,3,3,333,At Risk
1110,114,9,1503.2,3,5,5,355,Loyal Customers
1113,692,3,158.82,1,3,2,132,Lost
1114,602,1,265.98,1,1,2,112,Lost
1115,68,1,121.79,4,1,1,411,New Customers
1118,525,3,417.19,1,3,3,133,Lost
1121,69,3,189.21,4,3,2,432,Potential Loyalists
1122,434,1,199.98,1,1,2,112,Lost
1124,339,3,485.49,2,3,3,233,At Risk
1125,253,1,17.44,2,1,1,211,Needs Attention
1126,92,11,2993.31,3,5,5,355,Loyal Customers
1127,181,2,446.22,3,3,3,333,At Risk
1132,405,3,254.22,1,3,2,132,Lost
1133,234,1,283.47,2,1,2,212,Needs Attention
1134,390,13,4344.280000000001,1,5,5,155,Loyal Customers
1135,538,1,212.98000000000002,1,1,2,112,Lost
1137,271,28,4785.26,2,5,5,255,Loyal Customers
1139,646,3,886.9200000000001,1,3,4,134,Lost
1141,45,4,1377.3400000000001,4,4,5,445,Champions
1142,244,2,563.11,2,3,3,233,At Risk
1143,252,1,73.88,2,1,1,211,Needs Attention
1148,684,1,160.97,1,1,2,112,Lost
1149,18,3,207.06,5,3,2,532,Potential Loyalists
1151,14,4,1288.0,5,4,4,544,Champions
1152,152,3,257.51,3,3,2,332,At Risk
1153,33,25,5115.0,4,5,5,455,Champions
1155,246,3,425.5,2,3,3,233,At Risk
1157,0,3,458.41,5,3,3,533,Potential Loyalists
1159,209,1,132.26999999999998,2,1,1,211,Needs Attention
1160,302,1,334.9,2,1,3,213,Needs Attention
1162,4,4,812.8199999999999,5,4,4,544,Champions
1165,304,2,350.21000000000004,2,3,3,233,At Risk
1167,161,1,55.24,3,1,1,311,Needs Attention
1168,38,1,64.69,4,1,1,411,New Customers
1169,76,1,675.11,4,1,3,413,New Customers
1170,16,4,1032.06,5,4,4,544,Champions
1173,47,2,261.65000000000003,4,3,2,432,Potential Loyalists
1174,86,1,658.3199999999999,3,1,3,313,Needs Attention
1175,429,3,550.95,1,3,3,133,Lost
1179,449,6,686.71,1,5,4,154,Loyal Customers
1182,260,6,783.07,2,5,4,254,Loyal Customers
1183,297,2,1144.45,2,3,4,234,At Risk
1184,26,11,3120.09,5,5,5,555,Champions
1185,53,1,49.78,4,1,1,411,New Customers
1187,571,6,1447.73,1,5,5,155,Loyal Customers
1188,244,1,63.64,2,1,1,211,Needs Attention
1191,58,1,146.99,4,1,2,412,New Customers
1192,208,8,2026.33,2,5,5,255,Loyal Customers
1195,558,4,948.9200000000001,1,4,4,144,Loyal Customers
1196,632,1,73.24,1,1,1,111,Lost
1197,378,3,201.87,1,3,2,132,Lost
1198,131,4,1389.03,3,4,5,345,Loyal Customers
1200,14,7,986.27,5,5,4,554,Champions
1202,72,5,877.97,4,4,4,444,Champions
1203,362,1,96.58,2,1,1,211,Needs Attention
1205,33,2,146.57999999999998,4,3,1,431,Potential Loyalists
1207,179,1,118.64,3,1,1,311,Needs Attention
1208,325,7,1236.84,2,5,4,254,Loyal Customers
1209,9,28,4733.15,5,5,5,555,Champions
1210,53,3,1053.1100000000001,4,3,4,434,Loyal Customers
1211,537,3,496.86999999999995,1,3,3,133,Lost
1213,55,1,193.18,4,1,2,412,New Customers
1215,531,1,192.97,1,1,2,112,Lost
1216,263,1,90.29,2,1,1,211,Needs Attention
1217,349,1,27.939999999999998,2,1,1,211,Needs Attention
1218,144,1,188.96,3,1,2,312,Needs Attention
1219,24,2,334.92,5,3,3,533,Potential Loyalists
1220,117,12,2891.94,3,5,5,355,Loyal Customers
1221,212,4,1271.57,2,4,4,244,Loyal Customers
1223,25,3,627.01,5,3,3,533,Potential Loyalists
1224,416,4,462.84000000000003,1,4,3,143,Loyal Customers
1225,422,2,550.9000000000001,1,3,3,133,Lost
1226,80,3,228.46,4,3,2,432,Potential Loyalists
1227,42,1,298.18,4,1,2,412,New Customers
1229,244,14,3500.57,2,5,5,255,Loyal Customers
1230,12,7,1958.26,5,5,5,555,Champions
1234,357,5,698.87,2,4,4,244,Loyal Customers
1238,325,1,79.39,2,1,1,211,Needs Attention
1240,354,1,83.99,2,1,1,211,Needs Attention
1241,29,1,49.78,5,1,1,511,New Customers
1242,27,1,136.07,5,1,1,511,New Customers
1243,2,4,1021.84,5,4,4,544,Champions
1244,292,4,1659.48,2,4,5,245,Loyal Customers
1245,289,2,599.1300000000001,2,3,3,233,At Risk
1246,54,3,950.03,4,3,4,434,Loyal Customers
1248,44,2,313.52,4,3,2,432,Potential Loyalists
1250,31,4,370.22,5,4,3,543,Champions
1252,142,6,815.6,3,5,4,354,Loyal Customers
1253,91,1,393.71000000000004,3,1,3,313,Needs Attention
1254,490,1,313.99,1,1,2,112,Lost
1255,91,4,581.8900000000001,3,4,3,343,Loyal Customers
1256,117,7,1669.58,3,5,5,355,Loyal Customers
1257,151,5,570.73,3,4,3,343,Loyal Customers
1258,110,3,871.44,3,3,4,334,Loyal Customers
1261,173,3,1174.48,3,3,4,334,Loyal Customers
1262,225,1,173.24,2,1,2,212,Needs Attention
1264,68,16,2393.1,4,5,5,455,Champions
1265,33,3,708.05,4,3,4,434,Loyal Customers
1267,33,2,318.33,4,3,2,432,Potential Loyalists
1269,15,3,829.4300000000001,5,3,4,534,Loyal Customers
1270,341,1,236.21,2,1,2,212,Needs Attention
1271,349,1,340.18,2,1,3,213,Needs Attention
1272,567,4,913.86,1,4,4,144,Loyal Customers
1273,377,2,427.15,1,3,3,133,Lost
1275,577,1,131.99,1,1,1,111,Lost
1276,678,3,522.87,1,3,3,133,Lost
1280,14,1,78.74,5,1,1,511,New Customers
1282,231,3,1195.03,2,3,4,234,At Risk
1285,402,1,194.99,1,1,2,112,Lost
1288,497,3,429.94000000000005,1,3,3,133,Lost
1292,238,8,1285.2,2,5,4,254,Loyal Customers
1293,34,3,622.5699999999999,4,3,3,433,Potential Loyalists
1294,17,2,510.24,5,3,3,533,Potential Loyalists
1295,35,14,3332.51,4,5,5,455,Champions
1296,400,1,97.99,1,1,1,111,Lost
1297,33,2,106.68,4,3,1,431,Potential Loyalists
1298,454,14,4141.7300000000005,1,5,5,155,Loyal Customers
1300,50,2,341.20000000000005,4,3,3,433,Potential Loyalists
1302,420,4,821.84,1,4,4,144,Loyal Customers
1303,605,3,502.96000000000004,1,3,3,133,Lost
1304,236,1,251.96,2,1,2,212,Needs Attention
1308,418,2,583.77,1,3,3,133,Lost
1311,15,3,896.8,5,3,4,534,Loyal Customers
1312,8,6,1445.8200000000002,5,5,5,555,Champions
1313,20,7,1870.12,5,5,5,555,Champions
1314,118,3,832.6,3,3,4,334,Loyal Customers
1315,37,1,296.08,4,1,2,412,New Customers
1318,172,3,899.75,3,3,4,334,Loyal Customers
1320,83,7,1010.27,4,5,4,454,Champions
1321,14,3,768.5,5,3,4,534,Loyal Customers
1323,197,1,203.68,2,1,2,212,Needs Attention
1324,32,1,292.92,4,1,2,412,New Customers
1328,42,2,379.02,4,3,3,433,Potential Loyalists
1329,78,10,1682.55,4,5,5,455,Champions
1330,246,7,1156.72,2,5,4,254,Loyal Customers
1334,30,5,1053.91,5,4,4,544,Champions
1335,220,2,490.94,2,3,3,233,At Risk
1336,166,2,516.54,3,3,3,333,At Risk
1339,78,1,960.71,4,1,4,414,New Customers
1340,18,10,2465.6800000000003,5,5,5,555,Champions
1341,289,1,81.89,2,1,1,211,Needs Attention
1342,599,2,752.94,1,3,4,134,Lost
1344,33,2,664.4100000000001,4,3,3,433,Potential Loyalists
1346,479,1,138.95,1,1,1,111,Lost
1351,196,4,463.44,2,4,3,243,Loyal Customers
1352,432,1,268.96,1,1,2,112,Lost
1353,21,1,283.46000000000004,5,1,2,512,New Customers
1355,453,28,5667.9800000000005,1,5,5,155,Loyal Customers
1359,332,1,131.24,2,1,1,211,Needs Attention
1360,44,3,1566.98,4,3,5,435,Loyal Customers
1362,189,1,39.49,3,1,1,311,Needs Attention
1363,27,1,339.10999999999996,5,1,3,513,New Customers
1365,27,2,182.87,5,3,2,532,Potential Loyalists
1366,192,3,804.6899999999999,3,3,4,334,Loyal Customers
1368,32,2,211.01999999999998,4,3,2,432,Potential Loyalists
1369,404,1,66.94,1,1,1,111,Lost
1370,81,1,576.41,4,1,3,413,New Customers
1375,257,28,8305.960000000001,2,5,5,255,Loyal Customers
1376,39,7,2132.3900000000003,4,5,5,455,Champions
1379,301,1,131.24,2,1,1,211,Needs Attention
1380,54,2,276.12,4,3,2,432,Potential Loyalists
1381,15,2,137.13,5,3,1,531,Potential Loyalists
1382,353,1,435.69,2,1,3,213,Needs Attention
1383,1,5,476.03,5,4,3,543,Champions
1389,272,2,594.37,2,3,3,233,At Risk
1390,488,2,209.97,1,3,2,132,Lost
1391,164,9,1744.48,3,5,5,355,Loyal Customers
1392,37,2,356.96000000000004,4,3,3,433,Potential Loyalists
1393,95,3,512.33,3,3,3,333,At Risk
1396,72,4,557.74,4,4,3,443,Champions
1397,153,3,767.53,3,4,4,344,Loyal Customers
1400,53,1,603.0699999999999,4,1,3,413,New Customers
1402,193,1,98.69,3,1,1,311,Needs Attention
1403,17,1,26.26,5,1,1,511,New Customers
1405,402,5,1057.8600000000001,1,4,4,144,Loyal Customers
1406,417,1,239.98,1,1,2,112,Lost
1408,222,2,638.6700000000001,2,3,3,233,At Risk
1409,619,1,187.97,1,1,2,112,Lost
1411,35,3,292.08,4,4,2,442,Champions
1414,363,1,37.39,2,1,1,211,Needs Attention
1416,32,3,135.8,4,4,1,441,Champions
1418,67,10,2472.5,4,5,5,455,Champions
1420,169,1,115.49,3,1,1,311,Needs Attention
1421,126,4,968.8299999999999,3,4,4,344,Loyal Customers
1425,209,2,1230.5400000000002,2,3,4,234,At Risk
1427,53,2,221.34000000000003,4,3,2,432,Potential Loyalists
1428,258,5,1557.33,2,4,5,245,Loyal Customers
1432,644,4,1124.8500000000001,1,4,4,144,Loyal Customers
1433,24,2,149.71,5,3,2,532,Potential Loyalists
1435,351,6,1486.57,2,5,5,255,Loyal Customers
1436,27,5,1267.23,5,4,4,544,Champions
1437,222,1,63.620000000000005,2,1,1,211,Needs Attention
1440,367,5,1451.25,2,4,5,245,Loyal Customers
1442,522,1,283.97,1,1,2,112,Lost
1443,20,26,7176.64,5,5,5,555,Champions
1446,253,1,45.790000000000006,2,1,1,211,Needs Attention
1448,13,4,840.57,5,4,4,544,Champions
1449,523,3,764.85,1,4,4,144,Loyal Customers
1450,255,6,692.77,2,5,4,254,Loyal Customers
1451,47,2,280.58000000000004,4,3,2,432,Potential Loyalists
1452,57,1,324.42,4,1,2,412,New Customers
1453,172,1,491.39,3,1,3,313,Needs Attention
1454,147,34,9980.210000000001,3,5,5,355,Loyal Customers
1457,142,1,124.73,3,1,1,311,Needs Attention
1460,45,7,1561.25,4,5,5,455,Champions
1461,397,1,240.76,1,1,2,112,Lost
1462,566,1,109.98,1,1,1,111,Lost
1463,46,1,368.72,4,1,3,413,New Customers
1464,21,1,201.59,5,1,2,512,New Customers
1466,12,12,1607.71,5,5,5,555,Champions
1467,375,12,1758.56,1,5,5,155,Loyal Customers
1468,49,2,623.65,4,3,3,433,Potential Loyalists
1469,12,6,784.73,5,5,4,554,Champions
1470,341,7,2222.17,2,5,5,255,Loyal Customers
1472,507,1,85.99,1,1,1,111,Lost
1473,21,4,980.6,5,4,4,544,Champions
1474,271,2,256.42,2,3,2,232,At Risk
1475,370,1,54.940000000000005,1,1,1,111,Lost
1478,34,5,1290.0,4,4,4,444,Champions
1479,397,1,239.98000000000002,1,1,2,112,Lost
1480,106,18,4621.8,3,5,5,355,Loyal Customers
1485,11,2,387.0400000000001,5,3,3,533,Potential Loyalists
1486,520,2,196.96999999999997,1,3,2,132,Lost
1487,6,2,146.57999999999998,5,3,2,532,Potential Loyalists
1488,27,10,1514.5,5,5,5,555,Champions
1489,231,4,452.07000000000005,2,4,3,243,Loyal Customers
1490,680,1,146.99,1,1,2,112,Lost
1491,116,1,79.79,3,1,1,311,Needs Attention
1496,328,1,726.54,2,1,4,214,Needs Attention
1501,16,1,25.839999999999996,5,1,1,511,New Customers
1503,11,2,116.78,5,3,1,531,Potential Loyalists
1505,48,2,318.12,4,3,2,432,Potential Loyalists
1506,6,1,23.74,5,1,1,511,New Customers
1508,20,1,95.53,5,1,1,511,New Customers
1510,14,4,1230.08,5,4,4,544,Champions
1511,69,1,65.73,4,1,1,411,New Customers
1514,88,3,347.51,3,4,3,343,Loyal Customers
1516,481,1,346.95,1,1,3,113,Lost
1517,95,5,880.46,3,4,4,344,Loyal Customers
1518,51,1,219.43,4,1,2,412,New Customers
1519,195,1,101.84,2,1,1,211,Needs Attention
1520,137,2,261.02000000000004,3,3,2,332,At Risk
1522,244,1,35.29,2,1,1,211,Needs Attention
1523,98,7,1084.69,3,5,4,354,Loyal Customers
1524,81,2,821.7,4,3,4,434,Loyal Customers
1526,438,1,196.98000000000002,1,1,2,112,Lost
1527,368,1,46.93,1,1,1,111,Lost
1528,14,1,15.34,5,1,1,511,New Customers
1529,160,2,300.9,3,3,2,332,At Risk
1530,657,5,1344.83,1,4,5,145,Loyal Customers
1531,417,2,838.96,1,3,4,134,Lost
1532,9,5,1174.41,5,4,4,544,Champions
1533,305,1,581.69,2,1,3,213,Needs Attention
1536,41,3,178.51,4,4,2,442,Champions
1537,361,1,202.21,2,1,2,212,Needs Attention
1541,177,1,75.59,3,1,1,311,Needs Attention
1545,141,5,850.84,3,4,4,344,Loyal Customers
1549,278,2,1518.21,2,3,5,235,At Risk
1551,36,2,140.25,4,3,1,431,Potential Loyalists
1552,76,73,16847.22,4,5,5,455,Champions
1554,112,1,595.31,3,1,3,313,Needs Attention
1557,36,1,142.53,4,1,1,411,New Customers
1561,38,1,447.68,4,1,3,413,New Customers
1563,163,1,454.6,3,1,3,313,Needs Attention
1564,40,1,142.79,4,1,1,411,New Customers
1566,347,2,418.90999999999997,2,3,3,233,At Risk
1569,27,6,1549.46,5,5,5,555,Champions
1572,287,1,38.43,2,1,1,211,Needs Attention
1574,410,5,694.38,1,4,4,144,Loyal Customers
1575,364,1,207.88,2,1,2,212,Needs Attention
1579,686,11,2929.66,1,5,5,155,Loyal Customers
1582,53,1,110.24,4,1,1,411,New Customers
1583,124,6,1149.71,3,5,4,354,Loyal Customers
1586,347,1,141.74,2,1,1,211,Needs Attention
1589,9,6,1335.09,5,5,5,555,Champions
1590,265,1,125.66000000000001,2,1,1,211,Needs Attention
1593,127,5,746.1400000000001,3,4,4,344,Loyal Customers
1594,149,1,132.28,3,1,1,311,Needs Attention
1596,85,5,778.0999999999999,3,4,4,344,Loyal Customers
1598,435,1,87.98,1,1,1,111,Lost
1599,56,1,145.94,4,1,1,411,New Customers
1604,79,3,434.22,4,4,3,443,Champions
1605,56,2,169.03,4,3,2,432,Potential Loyalists
1607,354,4,673.99,2,4,3,243,Loyal Customers
1608,102,1,136.48,3,1,1,311,Needs Attention
1612,407,2,103.27999999999999,1,3,1,131,Lost
1614,143,3,704.51,3,4,4,344,Loyal Customers
1616,32,1,80.44,4,1,1,411,New Customers
1618,282,6,1790.4,2,5,5,255,Loyal Customers
1619,37,1,107.08,4,1,1,411,New Customers
1622,41,1,253.18,4,1,2,412,New Customers
1623,368,4,761.27,1,4,4,144,Loyal Customers
1625,453,11,3227.7400000000002,1,5,5,155,Loyal Customers
1626,32,2,178.08,4,3,2,432,Potential Loyalists
1628,75,8,2613.4900000000002,4,5,5,455,Champions
1629,13,4,854.59,5,4,4,544,Champions
1630,78,4,2064.15,4,4,5,445,Champions
1632,45,1,59.02000000000001,4,1,1,411,New Customers
1633,43,3,311.2,4,4,2,442,Champions
1634,117,3,1152.81,3,4,4,344,Loyal Customers
1635,32,5,624.89,4,4,3,443,Champions
1636,281,1,142.79,2,1,1,211,Needs Attention
1638,156,1,146.96,3,1,2,312,Needs Attention
1639,179,1,997.4200000000001,3,1,4,314,Needs Attention
1642,28,1,129.14,5,1,1,511,New Customers
1643,280,2,562.75,2,3,3,233,At Risk
1644,130,4,473.08,3,4,3,343,Loyal Customers
1645,170,2,178.07999999999998,3,3,2,332,At Risk
1648,31,6,1023.69,5,5,4,554,Champions
1649,32,4,775.06,4,4,4,444,Champions
1652,31,4,1863.83,5,4,5,545,Champions
1654,67,11,3059.3,4,5,5,455,Champions
1656,576,5,1420.76,1,4,5,145,Loyal Customers
1657,143,2,1726.16,3,3,5,335,Loyal Customers
1658,45,11,3237.8900000000003,4,5,5,455,Champions
1659,25,3,745.77,5,4,4,544,Champions
1660,134,3,810.14,3,4,4,344,Loyal Customers
1661,68,1,139.63,4,1,1,411,New Customers
1662,224,3,325.06,2,4,2,242,Loyal Customers
1663,590,4,1228.8600000000001,1,4,4,144,Loyal Customers
1664,101,10,1555.01,3,5,5,355,Loyal Customers
1666,45,3,459.46000000000004,4,4,3,443,Champions
1671,255,3,1018.4300000000001,2,4,4,244,Loyal Customers
1673,10,5,1957.7199999999998,5,4,5,545,Champions
1674,304,1,258.27,2,1,2,212,Needs Attention
1676,8,6,1086.25,5,5,4,554,Champions
1681,31,2,342.67999999999995,5,3,3,533,Potential Loyalists
1682,28,11,3517.5,5,5,5,555,Champions
1685,155,1,500.84,3,1,3,313,Needs Attention
1687,158,1,77.48,3,1,1,311,Needs Attention
1688,282,1,291.88,2,1,2,212,Needs Attention
1691,33,2,888.25,4,3,4,434,Loyal Customers
1693,44,1,422.08,4,1,3,413,New Customers
1694,172,1,219.44,3,1,2,312,Needs Attention
1695,103,1,817.9200000000001,3,1,4,314,Needs Attention
1696,4,3,993.6299999999999,5,4,4,544,Champions
1699,593,3,1471.92,1,4,5,145,Loyal Customers
1700,161,5,1026.87,3,4,4,344,Loyal Customers
1702,24,1,308.67,5,1,2,512,New Customers
1703,27,1,316.01,5,1,2,512,New Customers
1704,24,1,90.29,5,1,1,511,New Customers
1705,36,1,45.790000000000006,4,1,1,411,New Customers
1706,144,2,655.14,3,3,3,333,At Risk
1707,38,2,292.72,4,3,2,432,Potential Loyalists
1708,138,16,2729.03,3,5,5,355,Loyal Customers
1709,435,8,847.73,1,5,4,154,Loyal Customers
1710,45,2,104.81000000000002,4,3,1,431,Potential Loyalists
1712,26,6,1394.7,5,5,5,555,Champions
1715,435,1,156.57,1,1,2,112,Lost
1717,10,8,1489.95,5,5,5,555,Champions
1718,28,2,1152.42,5,3,4,534,Loyal Customers
1722,241,3,694.6500000000001,2,4,4,244,Loyal Customers
1723,144,1,90.29,3,1,1,311,Needs Attention
1725,167,4,1315.33,3,4,4,344,Loyal Customers
1726,28,1,64.67,5,1,1,511,New Customers
1727,177,2,139.23,3,3,1,331,At Risk
1728,413,1,141.99,1,1,1,111,Lost
1729,25,8,1093.74,5,5,4,554,Champions
1730,50,3,211.27,4,4,2,442,Champions
1732,56,8,1437.3,4,5,5,455,Champions
1733,212,1,107.08,2,1,1,211,Needs Attention
1735,221,1,291.88,2,1,2,212,Needs Attention
1736,73,4,596.5799999999999,4,4,3,443,Champions
1737,303,5,1432.41,2,4,5,245,Loyal Customers
1746,410,2,547.95,1,3,3,133,Lost
1751,130,1,361.18,3,1,3,313,Needs Attention
1752,81,29,6772.030000000001,4,5,5,455,Champions
1754,444,2,560.96,1,3,3,133,Lost
1756,366,12,1712.6100000000001,2,5,5,255,Loyal Customers
1759,246,13,3333.15,2,5,5,255,Loyal Customers
1760,27,2,474.34,5,3,3,533,Potential Loyalists
1761,16,1,57.97,5,1,1,511,New Customers
1763,75,17,3060.0099999999998,4,5,5,455,Champions
1764,49,2,189.63,4,3,2,432,Potential Loyalists
1766,390,2,188.96999999999997,1,3,2,132,Lost
1767,49,7,2031.81,4,5,5,455,Champions
1768,238,4,1020.1,2,4,4,244,Loyal Customers
1769,122,1,118.63,3,1,1,311,Needs Attention
1770,5,1,401.08000000000004,5,1,3,513,New Customers
1775,116,5,1305.23,3,4,4,344,Loyal Customers
1776,166,2,388.06,3,3,3,333,At Risk
1777,136,6,1822.14,3,5,5,355,Loyal Customers
1778,46,1,37.39,4,1,1,411,New Customers
1779,59,1,280.32,4,1,2,412,New Customers
1783,333,6,684.12,2,5,4,254,Loyal Customers
1785,408,3,601.47,1,4,3,143,Loyal Customers
1786,122,23,5741.42,3,5,5,355,Loyal Customers
1790,71,1,28.99,4,1,1,411,New Customers
1793,22,2,513.4,5,3,3,533,Potential Loyalists
1798,484,1,41.940000000000005,1,1,1,111,Lost
1800,714,1,43.940000000000005,1,1,1,111,Lost
1802,144,2,103.53,3,3,1,331,At Risk
1803,24,4,1061.46,5,4,4,544,Champions
1806,266,6,741.61,2,5,4,254,Loyal Customers
1811,411,1,152.99,1,1,2,112,Lost
1812,12,1,81.97,5,1,1,511,New Customers
1813,37,13,2651.08,4,5,5,455,Champions
1815,40,2,302.78,4,3,2,432,Potential Loyalists
1817,168,2,153.9,3,3,2,332,At Risk
1820,36,1,85.66,4,1,1,411,New Customers
1825,249,2,402.86,2,3,3,233,At Risk
1826,689,1,180.97,1,1,2,112,Lost
1827,98,3,758.0600000000001,3,4,4,344,Loyal Customers
1829,395,2,134.67,1,3,1,131,Lost
1830,143,4,1014.4300000000001,3,4,4,344,Loyal Customers
1831,23,3,303.83,5,4,2,542,Champions
1832,144,3,376.81,3,4,3,343,Loyal Customers
1835,8,3,851.7,5,4,4,544,Champions
1838,190,9,2750.5600000000004,3,5,5,355,Loyal Customers
1839,58,1,190.04,4,1,2,412,New Customers
1841,286,2,281.07000000000005,2,3,2,232,At Risk
1843,34,3,2266.84,4,4,5,445,Champions
1847,33,1,180.58,4,1,2,412,New Customers
1848,181,2,585.85,3,3,3,333,At Risk
1849,385,2,116.88000000000001,1,3,1,131,Lost
1851,97,6,1295.32,3,5,4,354,Loyal Customers
1857,89,4,1676.77,3,4,5,345,Loyal Customers
1858,17,4,873.29,5,4,4,544,Champions
1859,575,1,180.99,1,1,2,112,Lost
1864,52,3,539.25,4,4,3,443,Champions
1865,43,2,431.71,4,3,3,433,Potential Loyalists
1867,654,8,1617.75,1,5,5,155,Loyal Customers
1868,211,1,237.28,2,1,2,212,Needs Attention
1870,21,27,6949.870000000001,5,5,5,555,Champions
1871,228,1,162.73000000000002,2,1,2,212,Needs Attention
1873,60,1,73.09,4,1,1,411,New Customers
1874,35,6,1290.5900000000001,4,5,4,454,Champions
1875,44,1,180.57,4,1,2,412,New Customers
1876,340,32,5482.01,2,5,5,255,Loyal Customers
1878,27,1,90.29,5,1,1,511,New Customers
1881,187,2,931.3100000000001,3,3,4,334,Loyal Customers
1884,178,4,1325.89,3,4,4,344,Loyal Customers
1887,6,6,1314.7400000000002,5,5,4,554,Champions
1889,14,1,214.17,5,1,2,512,New Customers
1890,19,2,324.03000000000003,5,3,2,532,Potential Loyalists
1891,36,34,7192.22,4,5,5,455,Champions
1892,228,1,241.47,2,1,2,212,Needs Attention
1893,14,1,131.24,5,1,1,511,New Customers
1898,10,8,1147.79,5,5,4,554,Champions
1901,123,3,1857.3400000000001,3,4,5,345,Loyal Customers
1902,9,1,176.37,5,1,2,512,New Customers
1903,175,8,1165.03,3,5,4,354,Loyal Customers
1906,77,1,701.36,4,1,4,414,New Customers
1907,182,5,2544.88,3,4,5,345,Loyal Customers
1908,425,2,631.92,1,3,3,133,Lost
1911,255,7,3033.6000000000004,2,5,5,255,Loyal Customers
1912,99,1,282.42,3,1,2,312,Needs Attention
1913,58,3,250.28,4,4,2,442,Champions
1914,252,1,103.92999999999999,2,1,1,211,Needs Attention
1915,658,14,3972.61,1,5,5,155,Loyal Customers
1916,424,1,161.97,1,1,2,112,Lost
1917,109,3,1217.9199999999998,3,4,4,344,Loyal Customers
1918,122,3,428.99,3,4,3,343,Loyal Customers
1919,226,2,384.9,2,3,3,233,At Risk
1921,101,4,1663.1100000000001,3,4,5,345,Loyal Customers
1922,184,3,690.82,3,4,4,344,Loyal Customers
1925,77,5,1076.64,4,4,4,444,Champions
1926,45,1,361.16,4,1,3,413,New Customers
1928,124,5,1942.9900000000002,3,4,5,345,Loyal Customers
1929,445,15,2921.1400000000003,1,5,5,155,Loyal Customers
1931,100,3,465.40999999999997,3,4,3,343,Loyal Customers
1932,10,1,175.55,5,1,2,512,New Customers
1933,312,3,972.36,2,4,4,244,Loyal Customers
1934,152,1,204.74,3,1,2,312,Needs Attention
1936,700,4,602.9100000000001,1,4,3,143,Loyal Customers
1939,453,6,950.81,1,5,4,154,Loyal Customers
1943,326,3,343.95,2,4,3,243,Loyal Customers
1945,126,2,895.0400000000001,3,3,4,334,Loyal Customers
1946,273,2,346.46000000000004,2,3,3,233,At Risk
1948,165,1,306.58,3,1,2,312,Needs Attention
1949,93,1,502.88,3,1,3,313,Needs Attention
1951,51,13,2784.54,4,5,5,455,Champions
1952,401,1,142.99,1,1,1,111,Lost
1954,349,1,91.34,2,1,1,211,Needs Attention
1955,107,5,1044.47,3,4,4,344,Loyal Customers
1956,19,1,37.39,5,1,1,511,New Customers
1957,194,1,98.69,3,1,1,311,Needs Attention
1958,31,1,202.15,5,1,2,512,New Customers
1959,58,3,907.3399999999999,4,4,4,444,Champions
1960,316,1,256.17,2,1,2,212,Needs Attention
1961,18,2,824.1800000000001,5,3,4,534,Loyal Customers
1964,1,12,2453.46,5,5,5,555,Champions
1966,188,1,63.64,3,1,1,311,Needs Attention
1967,434,2,372.96,1,3,3,133,Lost
1969,673,2,503.94999999999993,1,3,3,133,Lost
1970,364,2,1017.88,2,3,4,234,At Risk
1971,18,1,570.2,5,1,3,513,New Customers
1974,42,2,374.80000000000007,4,3,3,433,Potential Loyalists
1975,4,1,186.88,5,1,2,512,New Customers
1976,535,1,107.98,1,1,1,111,Lost
1979,327,8,1767.49,2,5,5,255,Loyal Customers
1980,332,13,3329.16,2,5,5,255,Loyal Customers
1981,11,5,1658.69,5,4,5,545,Champions
1982,304,3,1018.35,2,4,4,244,Loyal Customers
1984,228,1,114.42999999999999,2,1,1,211,Needs Attention
1985,31,1,75.59,5,1,1,511,New Customers
1986,263,1,172.16,2,1,2,212,Needs Attention
1988,171,2,340.71,3,3,3,333,At Risk
1989,27,2,95.78,5,3,1,531,Potential Loyalists
1990,372,1,126.38,1,1,1,111,Lost
1992,56,2,115.73,4,3,1,431,Potential Loyalists
1994,581,3,732.8900000000001,1,4,4,144,Loyal Customers
1995,23,2,711.8299999999999,5,3,4,534,Loyal Customers
1996,34,6,1760.6999999999998,4,5,5,455,Champions
1998,15,2,135.68,5,3,1,531,Potential Loyalists
2001,4,3,560.62,5,4,3,543,Champions
2003,398,1,283.98,1,1,2,112,Lost
2004,37,18,4288.04,4,5,5,455,Champions
2006,490,2,953.9200000000001,1,3,4,134,Lost
2007,612,5,2257.17,1,4,5,145,Loyal Customers
2008,17,3,516.67,5,4,3,543,Champions
2009,31,4,764.35,5,4,4,544,Champions
2011,241,2,507.09000000000003,2,3,3,233,At Risk
2012,329,6,939.84,2,5,4,254,Loyal Customers
2013,44,4,2189.31,4,4,5,445,Champions
2016,569,1,16.94,1,1,1,111,Lost
2017,434,1,133.95,1,1,1,111,Lost
2018,544,7,1244.05,1,5,4,154,Loyal Customers
2020,283,1,215.22,2,2,2,222,Needs Attention
2021,161,2,396.87,3,3,3,333,At Risk
2023,381,1,277.98,1,2,2,122,Lost
2024,366,10,2133.34,2,5,5,255,Loyal Customers
2025,144,3,865.78,3,4,4,344,Loyal Customers
2026,263,2,381.25000000000006,2,3,3,233,At Risk
2027,5,7,1957.08,5,5,5,555,Champions
2028,22,1,383.21,5,2,3,523,Potential Loyalists
2029,400,1,208.97,1,2,2,122,Lost
2030,591,1,139.99,1,2,1,121,Lost
2031,158,1,429.41999999999996,3,2,3,323,Needs Attention
2033,0,16,3063.4,5,5,5,555,Champions
2035,108,2,513.41,3,3,3,333,At Risk
2038,394,1,66.94,1,2,1,121,Lost
2039,8,15,4197.39,5,5,5,555,Champions
2042,529,2,200.93,1,3,2,132,Lost
2044,93,2,248.82999999999998,3,3,2,332,At Risk
2048,11,2,258.91,5,3,2,532,Potential Loyalists
2049,336,4,533.97,2,4,3,243,Loyal Customers
2050,393,1,715.15,1,2,4,124,Lost
2054,367,2,873.98,2,3,4,234,At Risk
2056,36,2,217.98000000000002,4,3,2,432,Potential Loyalists
2060,64,4,529.1,4,4,3,443,Champions
2061,399,2,119.92999999999999,1,3,1,131,Lost
2062,42,1,149.09,4,2,2,422,Potential Loyalists
2066,126,1,101.84,3,2,1,321,Needs Attention
2067,92,5,1714.5900000000001,3,4,5,345,Loyal Customers
2072,397,5,1628.66,1,4,5,145,Loyal Customers
2073,212,1,161.69,2,2,2,222,Needs Attention
2078,393,3,641.7,1,4,3,143,Loyal Customers
2080,27,2,365.38,5,3,3,533,Potential Loyalists
2082,189,2,308.65000000000003,3,3,2,332,At Risk
2083,76,1,24.79,4,2,1,421,Potential Loyalists
2084,84,2,259.32,3,3,2,332,At Risk
2085,198,2,282.02,2,3,2,232,At Risk
2086,2,14,3148.49,5,5,5,555,Champions
2087,343,2,262.68,2,3,2,232,At Risk
2088,30,4,1357.8,5,4,5,545,Champions
2089,305,3,805.1600000000001,2,4,4,244,Loyal Customers
2092,385,2,231.98000000000002,1,3,2,132,Lost
2094,373,1,69.33999999999999,1,2,1,121,Lost
2096,51,1,119.68,4,2,1,421,Potential Loyalists
2097,38,1,147.82,4,2,2,422,Potential Loyalists
2099,384,4,409.84,1,4,3,143,Loyal Customers
2100,35,1,81.7,4,2,1,421,Potential Loyalists
2101,33,3,321.55,4,4,2,442,Champions
2102,114,1,85.99000000000001,3,2,1,321,Needs Attention
2104,108,3,795.8199999999999,3,4,4,344,Loyal Customers
2105,17,3,875.25,5,4,4,544,Champions
2108,16,1,144.56,5,2,1,521,Potential Loyalists
2109,65,1,508.39000000000004,4,2,3,423,Potential Loyalists
2110,35,12,2020.7,4,5,5,455,Champions
2111,58,5,2199.2,4,4,5,445,Champions
2112,191,1,251.99,3,2,2,322,Needs Attention
2113,217,9,2862.25,2,5,5,255,Loyal Customers
2114,13,1,124.30000000000001,5,2,1,521,Potential Loyalists
2115,648,4,1389.9,1,4,5,145,Loyal Customers
2116,402,1,57.940000000000005,1,2,1,121,Lost
2118,314,16,3173.56,2,5,5,255,Loyal Customers
2119,721,2,385.9,1,3,3,133,Lost
2121,11,1,262.05,5,2,2,522,Potential Loyalists
2122,441,2,372.94,1,3,3,133,Lost
2123,81,2,453.56,4,3,3,433,Potential Loyalists
2125,381,2,354.92999999999995,1,3,3,133,Lost
2126,59,3,1147.7900000000002,4,4,4,444,Champions
2127,475,22,5233.71,1,5,5,155,Loyal Customers
2128,566,3,1570.93,1,4,5,145,Loyal Customers
2129,177,1,555.4,3,2,3,323,Needs Attention
2130,366,1,599.98,2,2,3,223,Needs Attention
2132,335,2,160.23000000000002,2,3,2,232,At Risk
2133,108,3,350.25,3,4,3,343,Loyal Customers
2134,167,1,354.87,3,2,3,323,Needs Attention
2136,239,1,821.06,2,2,4,224,Needs Attention
2137,79,1,78.74,4,2,1,421,Potential Loyalists
2138,11,1,204.94,5,2,2,522,Potential Loyalists
2142,408,1,161.99,1,2,2,122,Lost
2143,6,2,195.5,5,3,2,532,Potential Loyalists
2145,147,2,745.39,3,3,4,334,Loyal Customers
2148,51,2,489.25,4,3,3,433,Potential Loyalists
2149,169,1,233.07999999999998,3,2,2,322,Needs Attention
2150,527,2,430.95000000000005,1,3,3,133,Lost
2151,11,16,4755.28,5,5,5,555,Champions
2153,32,2,983.76,4,3,4,434,Loyal Customers
2155,73,1,104.97999999999999,4,2,1,421,Potential Loyalists
2156,166,3,771.67,3,4,4,344,Loyal Customers
2158,501,1,219.98,1,2,2,122,Lost
2159,3,3,175.56,5,4,2,542,Champions
2160,9,20,4097.61,5,5,5,555,Champions
2162,250,12,2251.04,2,5,5,255,Loyal Customers
2163,80,1,36.24,4,2,1,421,Potential Loyalists
2164,41,13,2875.9700000000003,4,5,5,455,Champions
2165,696,1,256.98,1,2,2,122,Lost
2166,13,1,120.01,5,2,1,521,Potential Loyalists
2169,90,5,971.13,3,4,4,344,Loyal Customers
2170,37,1,535.05,4,2,3,423,Potential Loyalists
2171,546,1,53.93000000000001,1,2,1,121,Lost
2172,32,2,1304.44,4,3,4,434,Loyal Customers
2173,32,5,1018.42,4,4,4,444,Champions
2174,300,7,1247.43,2,5,4,254,Loyal Customers
2178,61,1,320.22,4,2,2,422,Potential Loyalists
2181,287,14,2971.01,2,5,5,255,Loyal Customers
2182,124,6,1492.08,3,5,5,355,Loyal Customers
2183,376,3,725.22,1,4,4,144,Loyal Customers
2184,8,1,59.02000000000001,5,2,1,521,Potential Loyalists
2185,34,3,503.52000000000004,4,4,3,443,Champions
2186,117,5,1363.45,3,4,5,345,Loyal Customers
2187,35,5,849.25,4,4,4,444,Champions
2188,195,2,161.28,2,3,2,232,At Risk
2189,98,7,2925.9300000000003,3,5,5,355,Loyal Customers
2190,331,1,15.34,2,2,1,221,Needs Attention
2191,41,1,96.99,4,2,1,421,Potential Loyalists
2192,462,10,1708.67,1,5,5,155,Loyal Customers
2194,6,8,1678.84,5,5,5,555,Champions
2195,116,2,551.75,3,3,3,333,At Risk
2196,596,6,1581.0700000000002,1,5,5,155,Loyal Customers
2197,8,16,3522.84,5,5,5,555,Champions
2200,117,2,544.9,3,3,3,333,At Risk
2202,534,1,929.95,1,2,4,124,Lost
2203,467,3,639.96,1,4,3,143,Loyal Customers
2204,123,2,590.02,3,3,3,333,At Risk
2205,18,3,1030.75,5,4,4,544,Champions
2206,80,1,305.52,4,2,2,422,Potential Loyalists
2208,0,2,482.96,5,3,3,533,Potential Loyalists
2211,623,4,359.9,1,4,3,143,Loyal Customers
2214,15,4,861.59,5,4,4,544,Champions
2216,194,1,55.24,2,2,1,221,Needs Attention
2219,143,1,388.46000000000004,3,2,3,323,Needs Attention
2221,585,30,7630.530000000001,1,5,5,155,Loyal Customers
2222,27,3,325.90999999999997,5,4,2,542,Champions
2224,155,1,235.17000000000002,3,2,2,322,Needs Attention
2225,23,1,27.939999999999998,5,2,1,521,Potential Loyalists
2227,4,8,1982.8700000000001,5,5,5,555,Champions
2231,519,2,1449.92,1,3,5,135,Lost
2232,39,3,475.59000000000003,4,4,3,443,Champions
2233,225,3,437.41,2,4,3,243,Loyal Customers
2235,409,5,823.24,1,4,4,144,Loyal Customers
2237,428,1,249.98,1,2,2,122,Lost
2238,329,3,681.5,2,4,4,244,Loyal Customers
2241,202,4,657.23,2,4,3,243,Loyal Customers
2242,75,2,529.83,4,3,3,433,Potential Loyalists
2243,30,2,300.07,5,3,2,532,Potential Loyalists
2244,520,15,3493.02,1,5,5,155,Loyal Customers
2245,23,4,995.1800000000001,5,4,4,544,Champions
2248,195,3,426.47,2,4,3,243,Loyal Customers
2252,198,7,1663.6399999999999,2,5,5,255,Loyal Customers
2254,32,2,157.08,4,3,2,432,Potential Loyalists
2256,66,1,158.53,4,2,2,422,Potential Loyalists
2257,74,1,167.98,4,2,2,422,Potential Loyalists
2258,165,4,587.24,3,4,3,343,Loyal Customers
2260,73,1,91.34,4,2,1,421,Potential Loyalists
2261,373,3,539.64,1,4,3,143,Loyal Customers
2263,233,1,508.19,2,2,3,223,Needs Attention
2264,166,3,552.48,3,4,3,343,Loyal Customers
2266,24,1,72.04,5,2,1,521,Potential Loyalists
2267,363,6,847.46,2,5,4,254,Loyal Customers
2268,379,4,451.89000000000004,1,4,3,143,Loyal Customers
2269,383,3,1583.0900000000001,1,4,5,145,Loyal Customers
2270,436,14,1812.6,1,5,5,155,Loyal Customers
2271,32,7,1154.59,4,5,4,454,Champions
2273,82,1,118.64,4,2,1,421,Potential Loyalists
2274,375,3,388.83,1,4,3,143,Loyal Customers
2275,617,1,236.28000000000003,1,2,2,122,Lost
2276,144,1,54.190000000000005,3,2,1,321,Needs Attention
2277,94,8,1124.47,3,5,4,354,Loyal Customers
2278,235,15,3151.07,2,5,5,255,Loyal Customers
2279,53,1,205.78,4,2,2,422,Potential Loyalists
2281,477,2,358.97,1,3,3,133,Lost
2283,47,6,1425.84,4,5,5,455,Champions
2285,182,5,2432.83,3,4,5,345,Loyal Customers
2286,15,3,397.5,5,4,3,543,Champions
2292,38,5,1129.65,4,4,4,444,Champions
2296,122,2,180.58,3,3,2,332,At Risk
2297,216,3,1034.69,2,4,4,244,Loyal Customers
2298,256,1,79.79,2,2,1,221,Needs Attention
2300,304,16,5290.15,2,5,5,255,Loyal Customers
2301,541,1,159.98,1,2,2,122,Lost
2302,39,7,1000.43,4,5,4,454,Champions
2303,187,2,123.08000000000001,3,3,1,331,At Risk
2307,295,2,153.23,2,3,2,232,At Risk
2312,18,5,1025.59,5,4,4,544,Champions
2313,570,3,1001.9300000000001,1,4,4,144,Loyal Customers
2314,24,2,764.77,5,3,4,534,Loyal Customers
2316,70,1,113.38,4,2,1,421,Potential Loyalists
2317,475,4,517.96,1,4,3,143,Loyal Customers
2319,193,2,257.22,3,3,2,332,At Risk
2320,35,2,403.99,4,3,3,433,Potential Loyalists
2323,20,1,146.98000000000002,5,2,2,522,Potential Loyalists
2325,136,2,161.28,3,3,2,332,At Risk
2326,86,1,306.56,3,2,2,322,Needs Attention
2332,117,3,261.82,3,4,2,342,Loyal Customers
2333,375,1,133.57999999999998,1,2,1,121,Lost
2334,13,2,205.37,5,3,2,532,Potential Loyalists
2336,155,1,129.14,3,2,1,321,Needs Attention
2337,593,4,796.8,1,4,4,144,Loyal Customers
2338,93,1,671.95,3,2,3,323,Needs Attention
2339,296,3,548.05,2,4,3,243,Loyal Customers
2341,381,3,1532.94,1,4,5,145,Loyal Customers
2343,18,12,2119.41,5,5,5,555,Champions
2346,452,2,494.89,1,3,3,133,Lost
2348,47,2,177.44,4,3,2,432,Potential Loyalists
2349,509,3,563.9000000000001,1,4,3,143,Loyal Customers
2351,137,2,717.74,3,3,4,334,Loyal Customers
2353,26,2,238.75,5,3,2,532,Potential Loyalists
2354,407,1,36.92,1,2,1,121,Lost
2355,346,5,1065.0,2,4,4,244,Loyal Customers
2356,138,1,121.79,3,2,1,321,Needs Attention
2358,90,1,149.09,3,2,2,322,Needs Attention
2360,210,12,2890.48,2,5,5,255,Loyal Customers
2361,3,13,1921.11,5,5,5,555,Champions
2363,308,4,822.3100000000001,2,4,4,244,Loyal Customers
2364,137,1,24.79,3,2,1,321,Needs Attention
2367,17,5,782.42,5,4,4,544,Champions
2368,302,1,62.28000000000001,2,2,1,221,Needs Attention
2369,132,4,878.44,3,4,4,344,Loyal Customers
2371,20,11,1536.1,5,5,5,555,Champions
2374,173,1,267.71999999999997,3,2,2,322,Needs Attention
2375,45,4,274.95,4,4,2,442,Champions
2377,13,4,815.33,5,4,4,544,Champions
2379,39,1,63.64,4,2,1,421,Potential Loyalists
2380,37,1,251.98,4,2,2,422,Potential Loyalists
2381,6,1,457.76,5,2,3,523,Potential Loyalists
2383,13,11,2456.27,5,5,5,555,Champions
2385,4,2,274.25,5,3,2,532,Potential Loyalists
2386,3,1,175.32999999999998,5,2,2,522,Potential Loyalists
2387,289,2,286.94,2,3,2,232,At Risk
2388,31,2,420.39,5,3,3,533,Potential Loyalists
2391,50,8,1477.62,4,5,5,455,Champions
2394,95,10,2397.4300000000003,3,5,5,355,Loyal Customers
2396,407,5,1745.8000000000002,1,4,5,145,Loyal Customers
2399,260,1,406.3,2,2,3,223,Needs Attention
2402,37,1,60.49,4,2,1,421,Potential Loyalists
2403,147,1,519.72,3,2,3,323,Needs Attention
2406,74,1,354.87,4,2,3,423,Potential Loyalists
2407,357,9,1406.01,2,5,5,255,Loyal Customers
2409,659,3,1104.92,1,4,4,144,Loyal Customers
2411,636,2,1146.93,1,3,4,134,Lost
2412,89,18,3353.8900000000003,3,5,5,355,Loyal Customers
2413,19,4,993.23,5,4,4,544,Champions
2414,20,4,749.63,5,4,4,544,Champions
2417,3,2,297.14,5,3,2,532,Potential Loyalists
2419,97,1,92.38,3,2,1,321,Needs Attention
2420,381,6,1663.18,1,5,5,155,Loyal Customers
2421,71,1,554.36,4,2,3,423,Potential Loyalists
2424,12,4,771.6899999999999,5,4,4,544,Champions
2425,86,4,764.0,3,4,4,344,Loyal Customers
2426,60,9,2530.88,4,5,5,455,Champions
2428,8,3,452.29999999999995,5,4,3,543,Champions
2431,124,2,571.83,3,3,3,333,At Risk
2433,33,5,1777.71,4,4,5,445,Champions
2434,42,3,750.28,4,4,4,444,Champions
2436,32,19,3245.36,4,5,5,455,Champions
2437,53,1,150.24,4,2,2,422,Potential Loyalists
2439,367,26,5144.11,2,5,5,255,Loyal Customers
2440,32,2,325.25,4,3,2,432,Potential Loyalists
2441,217,3,364.97,2,4,3,243,Loyal Customers
2443,117,3,935.4799999999999,3,4,4,344,Loyal Customers
2445,267,2,557.0799999999999,2,3,3,233,At Risk
2446,188,3,626.76,3,4,3,343,Loyal Customers
2449,267,8,1494.82,2,5,5,255,Loyal Customers
2450,338,2,319.8,2,3,2,232,At Risk
2451,216,4,705.68,2,4,4,244,Loyal Customers
2453,70,3,762.24,4,4,4,444,Champions
2457,41,1,64.89999999999999,4,2,1,421,Potential Loyalists
2459,191,1,201.57,3,2,2,322,Needs Attention
2460,55,22,4735.45,4,5,5,455,Champions
2464,176,7,1969.93,3,5,5,355,Loyal Customers
2465,486,8,1306.9099999999999,1,5,4,154,Loyal Customers
2467,110,1,24.79,3,2,1,321,Needs Attention
2468,131,2,1020.55,3,3,4,334,Loyal Customers
2469,69,2,2080.15,4,3,5,435,Loyal Customers
2470,30,1,570.3199999999999,5,2,3,523,Potential Loyalists
2471,464,1,267.98,1,2,2,122,Lost
2473,77,1,481.91999999999996,4,2,3,423,Potential Loyalists
2475,127,5,2066.46,3,4,5,345,Loyal Customers
2476,651,1,112.19000000000001,1,2,1,121,Lost
2477,100,3,584.8,3,4,3,343,Loyal Customers
2478,59,1,107.08,4,2,1,421,Potential Loyalists
2480,119,9,2436.16,3,5,5,355,Loyal Customers
2481,14,4,958.54,5,4,4,544,Champions
2484,128,6,803.1099999999999,3,5,4,354,Loyal Customers
2485,18,4,246.74,5,4,2,542,Champions
2486,83,1,383.23,4,2,3,423,Potential Loyalists
2487,45,5,736.89,4,4,4,444,Champions
2488,617,1,180.97,1,2,2,122,Lost
2491,5,1,500.84,5,2,3,523,Potential Loyalists
2492,15,12,1875.6,5,5,5,555,Champions
2495,62,1,512.3599999999999,4,2,3,423,Potential Loyalists
2496,440,1,52.940000000000005,1,2,1,121,Lost
2497,178,3,1192.7,3,4,4,344,Loyal Customers
2498,28,1,34.24,5,2,1,521,Potential Loyalists
2499,120,1,904.0300000000001,3,2,4,324,Needs Attention
2500,239,7,2366.77,2,5,5,255,Loyal Customers
2501,556,7,1231.96,1,5,4,154,Loyal Customers
2502,332,1,131.24,2,2,1,221,Needs Attention
2503,104,1,72.04,3,2,1,321,Needs Attention
2505,250,4,1259.01,2,4,4,244,Loyal Customers
2506,62,4,806.56,4,4,4,444,Champions
2509,617,1,96.99,1,2,1,121,Lost
2511,20,7,1364.42,5,5,5,555,Champions
2513,133,2,812.27,3,3,4,334,Loyal Customers
2514,136,2,526.68,3,3,3,333,At Risk
2515,205,5,705.31,2,4,4,244,Loyal Customers
2516,31,4,1167.51,5,4,4,544,Champions
2517,632,3,464.88,1,4,3,143,Loyal Customers
2520,385,3,462.33,1,4,3,143,Loyal Customers
2521,87,2,512.35,3,3,3,333,At Risk
2523,146,3,359.17,3,4,3,343,Loyal Customers
2528,139,9,2268.79,3,5,5,355,Loyal Customers
2529,326,1,114.42,2,2,1,221,Needs Attention
2532,28,1,108.94,5,2,1,521,Potential Loyalists
2535,396,1,246.95,1,2,2,122,Lost
2538,34,7,1180.2,4,5,4,454,Champions
2539,246,4,2276.87,2,4,5,245,Loyal Customers
2541,264,5,622.95,2,4,3,243,Loyal Customers
2544,68,1,138.58,4,2,1,421,Potential Loyalists
2546,18,1,95.54,5,2,1,521,Potential Loyalists
2547,388,1,16.94,1,2,1,121,Lost
2550,391,1,66.94,1,2,1,121,Lost
2551,237,1,69.94,2,2,1,221,Needs Attention
2554,159,2,117.17000000000002,3,3,1,331,At Risk
2558,180,1,364.31,3,2,3,323,Needs Attention
2559,339,7,1631.43,2,5,5,255,Loyal Customers
2560,162,2,250.53,3,3,2,332,At Risk
2562,31,8,1770.36,5,5,5,555,Champions
2569,86,10,3852.53,3,5,5,355,Loyal Customers
2571,20,2,491.36,5,3,3,533,Potential Loyalists
2573,130,1,118.12,3,2,1,321,Needs Attention
2574,355,1,365.38,2,2,3,223,Needs Attention
2577,2,55,10469.34,5,5,5,555,Champions
2579,20,10,3260.82,5,5,5,555,Champions
2580,331,11,1801.65,2,5,5,255,Loyal Customers
2581,97,4,792.8100000000001,3,4,4,344,Loyal Customers
2582,2,1,296.06,5,2,2,522,Potential Loyalists
2588,32,3,1011.72,4,4,4,444,Champions
2589,413,2,762.9300000000001,1,3,4,134,Lost
2590,46,1,134.39,4,2,1,421,Potential Loyalists
2591,208,1,198.42,2,2,2,222,Needs Attention
2593,343,7,1383.6,2,5,5,255,Loyal Customers
2595,109,5,519.3599999999999,3,4,3,343,Loyal Customers
2597,68,2,153.51,4,3,2,432,Potential Loyalists
2602,273,7,2230.33,2,5,5,255,Loyal Customers
2605,67,2,224.26000000000002,4,3,2,432,Potential Loyalists
2608,190,5,3179.6299999999997,3,4,5,345,Loyal Customers
2612,106,1,137.53,3,2,1,321,Needs Attention
2613,4,7,1478.92,5,5,5,555,Champions
2615,35,2,857.8,4,3,4,434,Loyal Customers
2617,306,1,81.87,2,2,1,221,Needs Attention
2618,83,4,636.76,4,4,3,443,Champions
2619,339,2,93.38,2,3,1,231,At Risk
2620,40,4,1272.09,4,4,4,444,Champions
2622,505,1,66.92,1,2,1,121,Lost
2623,508,3,1701.87,1,4,5,145,Loyal Customers
2624,460,2,572.97,1,3,3,133,Lost
2626,26,2,303.0,5,3,2,532,Potential Loyalists
2629,182,7,1299.44,3,5,4,354,Loyal Customers
2630,25,2,152.46,5,3,2,532,Potential Loyalists
2633,368,1,107.96999999999998,1,2,1,121,Lost
2635,226,1,260.38,2,2,2,222,Needs Attention
2636,558,1,42.93,1,2,1,121,Lost
2637,425,1,173.98,1,2,2,122,Lost
2638,175,1,320.23,3,2,2,322,Needs Attention
2639,221,3,282.71,2,4,2,242,Loyal Customers
2640,14,6,764.05,5,5,4,554,Champions
2642,466,1,90.99,1,2,1,121,Lost
2643,50,1,55.230000000000004,4,2,1,421,Potential Loyalists
2644,85,4,1359.24,3,4,5,345,Loyal Customers
2646,436,4,1498.91,1,4,5,145,Loyal Customers
2648,123,1,39.49,3,2,1,321,Needs Attention
2649,7,1,127.57000000000001,5,2,1,521,Potential Loyalists
2651,26,9,2152.66,5,5,5,555,Champions
2652,539,16,2990.4700000000003,1,5,5,155,Loyal Customers
2654,1,1,34.24,5,2,1,521,Potential Loyalists
2658,41,4,646.3199999999999,4,4,3,443,Champions
2664,349,2,608.2600000000001,2,3,3,233,At Risk
2669,69,7,1398.51,4,5,5,455,Champions
2670,117,2,492.0,3,3,3,333,At Risk
2671,235,1,722.3399999999999,2,2,4,224,Needs Attention
2673,227,2,554.3199999999999,2,3,3,233,At Risk
2676,57,3,319.29,4,4,2,442,Champions
2678,409,1,121.57000000000002,1,2,1,121,Lost
2679,17,11,2020.49,5,5,5,555,Champions
2683,396,2,400.95000000000005,1,3,3,133,Lost
2685,111,2,470.34999999999997,3,3,3,333,At Risk
2687,0,1,49.78,5,2,1,521,Potential Loyalists
2691,2,2,169.68,5,3,2,532,Potential Loyalists
2692,22,2,733.9000000000001,5,3,4,534,Loyal Customers
2693,36,8,2284.48,4,5,5,455,Champions
2695,50,5,1444.1799999999998,4,4,5,445,Champions
2698,25,1,441.98,5,2,3,523,Potential Loyalists
2700,20,1,166.91000000000003,5,2,2,522,Potential Loyalists
2701,282,1,111.49,2,2,1,221,Needs Attention
2703,75,2,305.51,4,3,2,432,Potential Loyalists
2705,116,1,61.540000000000006,3,2,1,321,Needs Attention
2707,499,1,79.99,1,2,1,121,Lost
2708,59,2,440.14,4,3,3,433,Potential Loyalists
2709,91,2,720.26,3,3,4,334,Loyal Customers
2710,26,2,273.61,5,3,2,532,Potential Loyalists
2711,284,3,827.34,2,4,4,244,Loyal Customers
2712,226,1,42.63,2,2,1,221,Needs Attention
2715,17,3,391.19000000000005,5,4,3,543,Champions
2716,404,2,337.96000000000004,1,3,3,133,Lost
2717,414,3,548.9100000000001,1,4,3,143,Loyal Customers
2718,487,8,1588.73,1,5,5,155,Loyal Customers
2721,93,2,370.61,3,3,3,333,At Risk
2722,264,1,373.74,2,2,3,223,Needs Attention
2724,129,5,774.01,3,4,4,344,Loyal Customers
2728,495,8,3345.7,1,5,5,155,Loyal Customers
2729,32,2,325.06,4,3,2,432,Potential Loyalists
2734,260,3,299.19,2,4,2,242,Loyal Customers
2736,25,1,314.65,5,2,2,522,Potential Loyalists
2737,32,1,812.69,4,2,4,424,Potential Loyalists
2738,255,6,1158.9099999999999,2,5,4,254,Loyal Customers
2739,59,7,791.01,4,5,4,454,Champions
2741,1,11,2327.56,5,5,5,555,Champions
2742,384,2,175.53000000000003,1,3,2,132,Lost
2743,23,44,7933.56,5,5,5,555,Champions
2745,178,12,1833.88,3,5,5,355,Loyal Customers
2746,12,1,307.63,5,2,2,522,Potential Loyalists
2748,517,1,60.940000000000005,1,2,1,121,Lost
2749,144,3,1391.13,3,4,5,345,Loyal Customers
2750,12,1,81.89,5,2,1,521,Potential Loyalists
2751,367,3,787.5,2,4,4,244,Loyal Customers
2752,267,14,6308.1900000000005,2,5,5,255,Loyal Customers
2753,400,9,1023.78,1,5,4,154,Loyal Customers
2755,214,5,1303.19,2,4,4,244,Loyal Customers
2759,281,1,133.34,2,2,1,221,Needs Attention
2760,308,1,190.04,2,2,2,222,Needs Attention
2761,164,1,63.64,3,2,1,321,Needs Attention
2763,133,4,613.45,3,4,3,343,Loyal Customers
2764,378,1,866.95,1,2,4,124,Lost
2765,394,1,90.38999999999999,1,2,1,121,Lost
2769,52,1,77.25999999999999,4,2,1,421,Potential Loyalists
2770,26,8,1890.25,5,5,5,555,Champions
2772,513,2,60.88000000000001,1,3,1,131,Lost
2773,560,7,1475.38,1,5,5,155,Loyal Customers
2774,185,1,43.690000000000005,3,2,1,321,Needs Attention
2775,9,5,679.91,5,4,4,544,Champions
2776,157,5,1369.54,3,4,5,345,Loyal Customers
2777,115,1,183.70999999999998,3,2,2,322,Needs Attention
2778,330,14,3064.78,2,5,5,255,Loyal Customers
2782,59,1,201.57,4,2,2,422,Potential Loyalists
2784,182,1,80.44,3,2,1,321,Needs Attention
2786,42,5,1570.04,4,4,5,445,Champions
2787,13,7,1665.75,5,5,5,555,Champions
2788,112,1,55.24,3,2,1,321,Needs Attention
2793,33,1,205.78,4,2,2,422,Potential Loyalists
2796,34,13,3387.76,4,5,5,455,Champions
2798,289,2,782.2,2,3,4,234,At Risk
2799,340,4,1954.6000000000001,2,4,5,245,Loyal Customers
2801,527,9,1982.3700000000001,1,5,5,155,Loyal Customers
2804,110,1,89.75999999999999,3,2,1,321,Needs Attention
2808,466,1,146.98,1,2,2,122,Lost
2812,154,7,2632.69,3,5,5,355,Loyal Customers
2813,157,3,1295.6200000000001,3,4,4,344,Loyal Customers
2815,106,3,608.9200000000001,3,4,3,343,Loyal Customers
2816,32,1,63.63,4,2,1,421,Potential Loyalists
2820,176,1,122.83,3,2,1,321,Needs Attention
2821,224,66,15624.710000000001,2,5,5,255,Loyal Customers
2822,221,4,1064.74,2,4,4,244,Loyal Customers
2825,277,1,63.64000000000001,2,2,1,221,Needs Attention
2826,448,1,678.98,1,2,3,123,Lost
2828,32,4,1179.87,4,4,4,444,Champions
2831,52,1,668.6,4,2,3,423,Potential Loyalists
2832,214,2,494.0,2,3,3,233,At Risk
2833,404,1,214.38000000000002,1,2,2,122,Lost
2834,175,5,652.58,3,4,3,343,Loyal Customers
2837,650,3,333.1,1,4,3,143,Loyal Customers
2838,25,14,3354.67,5,5,5,555,Champions
2839,515,2,214.92,1,3,2,132,Lost
2840,595,1,412.98,1,2,3,123,Lost
2841,78,1,365.37,4,2,3,423,Potential Loyalists
2842,279,2,636.25,2,3,3,233,At Risk
2843,152,1,34.24,3,2,1,321,Needs Attention
2844,38,4,1560.6399999999999,4,4,5,445,Champions
2846,302,2,271.91999999999996,2,3,2,232,At Risk
2848,93,1,80.44,3,2,1,321,Needs Attention
2850,114,5,1205.96,3,4,4,344,Loyal Customers
2851,36,1,42.63,4,2,1,421,Potential Loyalists
2856,44,6,1067.5500000000002,4,5,4,454,Champions
2857,40,2,450.64,4,3,3,433,Potential Loyalists
2859,46,2,577.28,4,3,3,433,Potential Loyalists
2860,75,2,718.12,4,3,4,434,Loyal Customers
2862,376,1,66.94,1,2,1,121,Lost
2863,487,15,3691.9300000000003,1,5,5,155,Loyal Customers
2865,49,3,787.03,4,4,4,444,Champions
2867,43,12,2516.23,4,5,5,455,Champions
2871,672,1,26.939999999999998,1,2,1,121,Lost
2872,450,1,329.38000000000005,1,2,3,123,Lost
2877,45,3,1203.1599999999999,4,4,4,444,Champions
2879,709,2,219.96,1,3,2,132,Lost
2884,42,8,1339.93,4,5,5,455,Champions
2885,491,1,75.99,1,2,1,121,Lost
2886,60,3,296.32,4,4,2,442,Champions
2887,6,14,3788.23,5,5,5,555,Champions
2888,249,1,53.14,2,2,1,221,Needs Attention
2890,150,1,170.09,3,2,2,322,Needs Attention
2891,52,2,1056.4,4,3,4,434,Loyal Customers
2892,386,1,133.57999999999998,1,2,1,121,Lost
2893,23,11,3350.17,5,5,5,555,Champions
2894,27,1,456.72,5,2,3,523,Potential Loyalists
2897,12,4,1732.3899999999999,5,4,5,545,Champions
2900,49,1,406.55,4,2,3,423,Potential Loyalists
2901,19,8,1282.3400000000001,5,5,4,554,Champions
2902,207,2,356.66,2,3,3,233,At Risk
2904,627,2,754.92,1,3,4,134,Lost
2905,289,1,203.68,2,2,2,222,Needs Attention
2906,36,9,1845.98,4,5,5,455,Champions
2908,500,3,1090.91,1,4,4,144,Loyal Customers
2909,78,3,909.8800000000001,4,4,4,444,Champions
2911,0,8,1810.04,5,5,5,555,Champions
2913,96,2,138.18,3,3,1,331,At Risk
2914,246,8,3039.1,2,5,5,255,Loyal Customers
2915,274,1,24.79,2,2,1,221,Needs Attention
2917,30,5,1721.0600000000002,5,4,5,545,Champions
2918,250,5,395.0,2,4,3,243,Loyal Customers
2919,231,10,2126.9300000000003,2,5,5,255,Loyal Customers
2921,127,1,145.94,3,2,1,321,Needs Attention
2923,286,1,289.77,2,2,2,222,Needs Attention
2924,29,2,149.31,5,3,2,532,Potential Loyalists
2925,346,6,695.1,2,5,4,254,Loyal Customers
2926,24,1,50.620000000000005,5,2,1,521,Potential Loyalists
2932,242,1,56.03,2,2,1,221,Needs Attention
2934,75,1,197.35000000000002,4,2,2,422,Potential Loyalists
2938,480,2,984.9100000000001,1,3,4,134,Lost
2939,39,1,101.82000000000001,4,2,1,421,Potential Loyalists
2941,497,1,212.97,1,2,2,122,Lost
2942,349,3,229.06,2,4,2,242,Loyal Customers
2944,464,3,346.89,1,4,3,143,Loyal Customers
2946,35,5,854.08,4,4,4,444,Champions
2947,270,7,1651.29,2,5,5,255,Loyal Customers
2950,309,7,1391.78,2,5,5,255,Loyal Customers
2951,309,4,1475.23,2,4,5,245,Loyal Customers
2953,13,1,80.44,5,2,1,521,Potential Loyalists
2954,189,3,539.63,3,4,3,343,Loyal Customers
2957,501,1,221.96999999999997,1,2,2,122,Lost
2958,24,8,1095.97,5,5,4,554,Champions
2960,345,5,707.67,2,4,4,244,Loyal Customers
2961,81,1,121.79,4,2,1,421,Potential Loyalists
2962,169,7,1681.77,3,5,5,355,Loyal Customers
2963,322,2,1060.15,2,3,4,234,At Risk
2964,99,1,55.24,3,2,1,321,Needs Attention
2965,88,1,145.94,3,2,1,321,Needs Attention
2967,224,1,484.02,2,2,3,223,Needs Attention
2968,129,3,491.57000000000005,3,4,3,343,Loyal Customers
2970,14,4,363.85,5,4,3,543,Champions
2971,128,1,258.29,3,2,2,322,Needs Attention
2973,17,3,303.24,5,4,2,542,Champions
2976,392,2,587.1400000000001,1,3,3,133,Lost
2977,102,3,810.14,3,4,4,344,Loyal Customers
2978,89,1,103.94,3,2,1,321,Needs Attention
2979,376,4,932.23,1,4,4,144,Loyal Customers
2980,35,1,57.33,4,2,1,421,Potential Loyalists
2981,207,2,1040.09,2,3,4,234,At Risk
2982,31,3,509.19999999999993,5,4,3,543,Champions
2984,36,4,764.34,4,4,4,444,Champions
2986,165,7,1166.5,3,5,4,354,Loyal Customers
2987,557,7,2241.04,1,5,5,155,Loyal Customers
2989,30,2,283.06,5,3,2,532,Potential Loyalists
2990,244,1,91.34,2,2,1,221,Needs Attention
2994,24,1,333.44999999999993,5,2,3,523,Potential Loyalists
2995,52,26,5312.94,4,5,5,455,Champions
3000,70,2,169.68,4,3,2,432,Potential Loyalists
3002,65,1,68.89,4,2,1,421,Potential Loyalists
3003,148,1,1042.59,3,2,4,324,Needs Attention
3004,114,1,146.99,3,2,2,322,Needs Attention
3007,218,17,3992.68,2,5,5,255,Loyal Customers
3008,90,1,45.790000000000006,3,2,1,321,Needs Attention
3009,59,7,1522.45,4,5,5,455,Champions
3012,91,3,640.14,3,4,3,343,Loyal Customers
3013,138,1,419.96999999999997,3,2,3,323,Needs Attention
3014,33,25,3637.32,4,5,5,455,Champions
3015,8,9,1567.71,5,5,5,555,Champions
3018,37,7,2210.74,4,5,5,455,Champions
3019,257,2,276.77,2,3,2,232,At Risk
3021,389,1,134.99,1,2,1,121,Lost
3024,59,1,217.31,4,2,2,422,Potential Loyalists
3025,377,1,26.939999999999998,1,2,1,121,Lost
3026,167,1,80.44,3,2,1,321,Needs Attention
3027,384,3,722.9300000000001,1,4,4,144,Loyal Customers
3029,247,1,80.43,2,2,1,221,Needs Attention
3031,78,1,83.97999999999999,4,2,1,421,Potential Loyalists
3032,20,26,5082.86,5,5,5,555,Champions
3033,684,1,419.37000000000006,1,2,3,123,Lost
3034,24,1,26.26,5,2,1,521,Potential Loyalists
3035,106,10,2957.09,3,5,5,355,Loyal Customers
3036,407,1,43.74000000000001,1,2,1,121,Lost
3037,98,3,442.66,3,4,3,343,Loyal Customers
3039,23,1,145.94,5,2,1,521,Potential Loyalists
3041,72,5,860.72,4,4,4,444,Champions
3043,75,1,373.73,4,2,3,423,Potential Loyalists
3044,479,3,663.92,1,4,3,143,Loyal Customers
3047,409,1,76.94,1,2,1,121,Lost
3048,521,4,932.82,1,4,4,144,Loyal Customers
3051,16,1,80.85000000000001,5,2,1,521,Potential Loyalists
3052,130,1,96.58,3,2,1,321,Needs Attention
3056,3,2,210.84,5,3,2,532,Potential Loyalists
3057,684,2,583.9300000000001,1,3,3,133,Lost
3060,9,2,464.06,5,3,3,533,Potential Loyalists
3062,12,6,1247.6999999999998,5,5,4,554,Champions
3065,171,3,713.2,3,4,4,344,Loyal Customers
3066,4,1,24.79,5,2,1,521,Potential Loyalists
3067,171,2,715.0000000000001,3,3,4,334,Loyal Customers
3068,16,1,309.75,5,2,2,522,Potential Loyalists
3069,143,49,12368.04,3,5,5,355,Loyal Customers
3072,121,4,491.99,3,4,3,343,Loyal Customers
3078,545,1,694.97,1,2,4,124,Lost
3079,64,4,667.54,4,4,3,443,Champions
3080,565,1,85.99,1,2,1,121,Lost
3081,607,2,296.94,1,3,2,132,Lost
3087,120,3,1300.8400000000001,3,4,4,344,Loyal Customers
3088,1,2,407.37,5,3,3,533,Potential Loyalists
3089,553,5,631.85,1,4,3,143,Loyal Customers
3091,188,1,203.68,3,2,2,322,Needs Attention
3093,703,3,381.97,1,4,3,143,Loyal Customers
3094,30,1,72.04,5,2,1,521,Potential Loyalists
3095,32,2,240.42000000000002,4,3,2,432,Potential Loyalists
3096,9,1,724.48,5,2,4,524,Potential Loyalists
3098,20,6,2044.2,5,5,5,555,Champions
3099,406,11,2794.27,1,5,5,155,Loyal Customers
3102,145,3,690.4000000000001,3,4,4,344,Loyal Customers
3105,356,5,1477.88,2,4,5,245,Loyal Customers
3107,101,3,578.47,3,4,3,343,Loyal Customers
3108,398,1,425.97,1,2,3,123,Lost
3109,115,2,491.21000000000004,3,3,3,333,At Risk
3110,265,6,1430.59,2,5,5,255,Loyal Customers
3112,5,2,554.36,5,3,3,533,Potential Loyalists
3114,537,32,9145.03,1,5,5,155,Loyal Customers
3116,185,1,64.69,3,2,1,321,Needs Attention
3117,283,1,174.91,2,2,2,222,Needs Attention
3118,152,1,60.49,3,2,1,321,Needs Attention
3119,18,2,852.14,5,3,4,534,Loyal Customers
3120,17,1,451.45000000000005,5,2,3,523,Potential Loyalists
3122,25,12,1888.48,5,5,5,555,Champions
3124,307,3,558.76,2,4,3,243,Loyal Customers
3125,144,5,831.01,3,4,4,344,Loyal Customers
3126,36,1,32.980000000000004,4,2,1,421,Potential Loyalists
3127,351,14,2916.5,2,5,5,255,Loyal Customers
3131,27,1,69.94,5,2,1,521,Potential Loyalists
3132,76,4,1672.22,4,4,5,445,Champions
3133,52,3,949.14,4,4,4,444,Champions
3134,244,2,528.8399999999999,2,3,3,233,At Risk
3139,53,2,802.15,4,3,4,434,Loyal Customers
3141,58,1,289.78,4,2,2,422,Potential Loyalists
3142,37,2,1110.0,4,3,4,434,Loyal Customers
3143,97,2,439.76000000000005,3,3,3,333,At Risk
3144,399,10,1627.36,1,5,5,155,Loyal Customers
3146,232,6,1181.68,2,5,4,254,Loyal Customers
3147,35,15,4008.83,4,5,5,455,Champions
3148,150,3,1316.59,3,4,4,344,Loyal Customers
3149,29,2,743.37,5,3,4,534,Loyal Customers
3152,465,4,736.29,1,4,4,144,Loyal Customers
3157,17,1,104.99000000000001,5,2,1,521,Potential Loyalists
3159,99,8,1326.65,3,5,5,355,Loyal Customers
3161,369,1,552.95,1,2,3,123,Lost
3162,5,2,1684.13,5,3,5,535,Loyal Customers
3163,125,3,998.04,3,4,4,344,Loyal Customers
3169,38,1,285.57,4,2,2,422,Potential Loyalists
3171,295,2,705.56,2,3,4,234,At Risk
3172,12,3,1340.79,5,4,5,545,Champions
3173,158,1,274.02,3,2,2,322,Needs Attention
3175,461,1,66.94,1,2,1,121,Lost
3177,28,4,602.53,5,4,3,543,Champions
3182,306,1,199.48,2,2,2,222,Needs Attention
3185,18,1,240.42,5,2,2,522,Potential Loyalists
3186,82,1,751.76,4,2,4,424,Potential Loyalists
3187,47,3,235.39,4,4,2,442,Champions
3189,24,1,216.26999999999998,5,2,2,522,Potential Loyalists
3192,5,1,121.79,5,2,1,521,Potential Loyalists
3193,72,1,90.29,4,2,1,421,Potential Loyalists
3194,453,2,293.96000000000004,1,3,2,132,Lost
3197,69,1,80.43,4,2,1,421,Potential Loyalists
3198,444,6,1056.3000000000002,1,5,4,154,Loyal Customers
3203,386,1,37.34,1,2,1,121,Lost
3207,3,9,1869.47,5,5,5,555,Champions
3208,156,18,3451.08,3,5,5,355,Loyal Customers
3209,167,1,569.08,3,2,3,323,Needs Attention
3210,191,1,258.29,3,2,2,322,Needs Attention
3212,574,1,81.99,1,2,1,121,Lost
3213,238,1,343.56,2,2,3,223,Needs Attention
3216,33,12,2736.09,4,5,5,455,Champions
3217,314,2,1035.26,2,3,4,234,At Risk
3219,45,5,779.52,4,4,4,444,Champions
3222,236,4,376.91,2,4,3,243,Loyal Customers
3226,110,1,216.29,3,2,2,322,Needs Attention
3227,223,4,1097.37,2,4,4,244,Loyal Customers
3229,31,1,80.43,5,2,1,521,Potential Loyalists
3231,406,11,1418.07,1,5,5,155,Loyal Customers
3232,14,1,45.790000000000006,5,2,1,521,Potential Loyalists
3233,578,6,995.8600000000001,1,5,4,154,Loyal Customers
3234,268,1,279.28,2,2,2,222,Needs Attention
3235,503,1,277.95,1,2,2,122,Lost
3238,493,2,671.97,1,3,3,133,Lost
3239,31,1,145.94,5,2,1,521,Potential Loyalists
3240,163,1,111.28,3,2,1,321,Needs Attention
3242,516,6,1005.8800000000001,1,5,4,154,Loyal Customers
3243,96,1,505.02,3,2,3,323,Needs Attention
3244,146,1,160.64,3,2,2,322,Needs Attention
3248,18,3,873.52,5,4,4,544,Champions
3249,178,19,4186.639999999999,3,5,5,355,Loyal Customers
3250,27,39,6404.14,5,5,5,555,Champions
3252,552,1,146.99,1,2,2,122,Lost
3253,119,2,103.94,3,3,1,331,At Risk
3255,407,1,70.94,1,2,1,121,Lost
3260,667,9,1134.69,1,5,4,154,Loyal Customers
3261,451,2,205.93,1,3,2,132,Lost
3262,186,9,1262.59,3,5,4,354,Loyal Customers
3264,28,1,508.19,5,2,3,523,Potential Loyalists
3265,483,2,322.92,1,3,2,132,Lost
3266,6,1,172.17000000000002,5,2,2,522,Potential Loyalists
3267,199,1,154.34,2,2,2,222,Needs Attention
3270,249,7,970.6500000000001,2,5,4,254,Loyal Customers
3271,107,4,1140.22,3,4,4,344,Loyal Customers
3272,164,10,2593.84,3,5,5,355,Loyal Customers
3273,336,2,759.3600000000001,2,3,4,234,At Risk
3274,140,1,79.79,3,2,1,321,Needs Attention
3275,0,8,1453.22,5,5,5,555,Champions
3277,207,5,1921.0300000000002,2,4,5,245,Loyal Customers
3278,49,7,1544.6399999999999,4,5,5,455,Champions
3279,288,2,341.75,2,3,3,233,At Risk
3282,29,1,45.790000000000006,5,2,1,521,Potential Loyalists
3284,643,4,1344.8000000000002,1,4,5,145,Loyal Customers
3287,11,1,211.04,5,2,2,522,Potential Loyalists
3291,264,8,1244.95,2,5,4,254,Loyal Customers
3292,37,1,672.81,4,2,3,423,Potential Loyalists
3294,390,1,43.940000000000005,1,2,1,121,Lost
3298,14,2,305.5,5,3,2,532,Potential Loyalists
3299,112,1,213.54999999999998,3,2,2,322,Needs Attention
3301,426,3,689.89,1,4,4,144,Loyal Customers
3303,153,1,35.29,3,2,1,321,Needs Attention
3304,1,3,460.95000000000005,5,4,3,543,Champions
3305,46,1,81.89,4,2,1,421,Potential Loyalists
3306,18,2,195.92000000000002,5,3,2,532,Potential Loyalists
3307,190,2,221.09,3,3,2,332,At Risk
3308,243,1,339.11,2,2,3,223,Needs Attention
3309,76,2,530.18,4,3,3,433,Potential Loyalists
3310,199,1,79.78,2,2,1,221,Needs Attention
3311,152,4,584.16,3,4,3,343,Loyal Customers
3312,266,1,213.54,2,2,2,222,Needs Attention
3314,184,3,435.51,3,4,3,343,Loyal Customers
3317,407,2,368.92,1,3,3,133,Lost
3319,9,1,776.9399999999999,5,2,4,524,Potential Loyalists
3320,65,21,4572.84,4,5,5,455,Champions
3323,271,1,46.21,2,2,1,221,Needs Attention
3324,121,5,1758.1799999999998,3,4,5,345,Loyal Customers
3327,398,1,202.36,1,2,2,122,Lost
3329,328,3,373.06,2,4,3,243,Loyal Customers
3331,78,2,88.43,4,3,1,431,Potential Loyalists
3332,539,2,83.88,1,3,1,131,Lost
3333,444,1,78.94,1,2,1,121,Lost
3334,55,1,348.57,4,2,3,423,Potential Loyalists
3335,97,4,529.38,3,4,3,343,Loyal Customers
3337,226,5,1413.13,2,4,5,245,Loyal Customers
3338,534,2,481.95,1,3,3,133,Lost
3339,26,3,246.97000000000003,5,4,2,542,Champions
3340,430,2,399.9,1,3,3,133,Lost
3344,63,5,1088.76,4,4,4,444,Champions
3345,350,1,63.64,2,2,1,221,Needs Attention
3346,25,2,938.6199999999999,5,3,4,534,Loyal Customers
3347,39,6,1158.38,4,5,4,454,Champions
3348,215,26,5620.14,2,5,5,255,Loyal Customers
3354,551,5,1766.81,1,4,5,145,Loyal Customers
3356,346,16,5066.64,2,5,5,255,Loyal Customers
3358,9,4,1099.32,5,4,4,544,Champions
3361,149,7,2165.0699999999997,3,5,5,355,Loyal Customers
3363,190,2,285.16,3,3,2,332,At Risk
3366,26,1,94.05,5,2,1,521,Potential Loyalists
3368,387,1,125.97999999999999,1,2,1,121,Lost
3371,24,6,1288.22,5,5,4,554,Champions
3372,177,9,2113.9300000000003,3,5,5,355,Loyal Customers
3373,19,1,118.63,5,2,1,521,Potential Loyalists
3375,43,4,548.89,4,4,3,443,Champions
3380,103,11,1838.3200000000002,3,5,5,355,Loyal Customers
3381,683,1,235.98000000000002,1,2,2,122,Lost
3385,220,1,250.92000000000002,2,2,2,222,Needs Attention
3388,60,4,776.56,4,4,4,444,Champions
3392,39,2,712.28,4,3,4,434,Loyal Customers
3394,312,2,795.2,2,3,4,234,At Risk
3396,97,1,242.51000000000002,3,2,2,322,Needs Attention
3397,239,1,299.23,2,2,2,222,Needs Attention
3399,397,6,1279.3,1,5,4,154,Loyal Customers
3400,296,1,202.63,2,2,2,222,Needs Attention
3401,7,8,1271.47,5,5,4,554,Champions
3402,173,1,237.68,3,2,2,322,Needs Attention
3403,557,2,836.94,1,3,4,134,Lost
3405,0,2,435.71999999999997,5,3,3,533,Potential Loyalists
3406,216,2,271.61,2,3,2,232,At Risk
3409,136,5,633.33,3,4,3,343,Loyal Customers
3410,0,1,198.21999999999997,5,2,2,522,Potential Loyalists
3411,56,6,1005.36,4,5,4,454,Champions
3412,20,2,864.5000000000001,5,3,4,534,Loyal Customers
3413,34,2,251.94,4,3,2,432,Potential Loyalists
3416,31,11,2669.48,4,5,5,455,Champions
3418,418,1,189.98000000000002,1,2,2,122,Lost
3419,284,19,3500.9900000000002,2,5,5,255,Loyal Customers
3420,55,1,104.13,4,2,1,421,Potential Loyalists
3421,33,2,350.87,4,3,3,433,Potential Loyalists
3423,18,3,502.86,5,4,3,543,Champions
3425,252,2,293.0,2,3,2,232,At Risk
3426,91,2,167.3,3,3,2,332,At Risk
3427,14,1,201.59,5,2,2,522,Potential Loyalists
3428,317,1,132.26999999999998,2,2,1,221,Needs Attention
3429,9,3,655.14,5,4,3,543,Champions
3431,536,2,279.96999999999997,1,3,2,132,Lost
3432,294,4,969.19,2,4,4,244,Loyal Customers
3434,109,3,521.3399999999999,3,4,3,343,Loyal Customers
3435,224,1,204.74,2,2,2,222,Needs Attention
3436,454,1,124.99,1,2,1,121,Lost
3437,186,1,121.79,3,2,1,321,Needs Attention
3438,18,2,790.99,5,3,4,534,Loyal Customers
3439,301,4,1296.13,2,4,4,244,Loyal Customers
3442,520,2,705.96,1,3,4,134,Lost
3443,325,1,152.23000000000002,2,2,2,222,Needs Attention
3445,128,3,1277.75,3,4,4,344,Loyal Customers
3447,11,3,132.11,5,4,1,541,Champions
3449,102,3,614.18,3,4,3,343,Loyal Customers
3450,179,6,1048.4,3,5,4,354,Loyal Customers
3452,31,31,9053.08,4,5,5,455,Champions
3453,187,1,127.03,3,2,1,321,Needs Attention
3454,443,9,2410.18,1,5,5,155,Loyal Customers
3456,32,1,50.620000000000005,4,2,1,421,Potential Loyalists
3459,236,2,832.59,2,3,4,234,At Risk
3460,478,6,1069.7800000000002,1,5,4,154,Loyal Customers
3461,623,2,629.92,1,3,3,133,Lost
3462,82,2,359.47,4,3,3,433,Potential Loyalists
3465,145,1,78.76,3,2,1,321,Needs Attention
3466,241,6,1303.23,2,5,4,254,Loyal Customers
3467,603,1,85.99,1,2,1,121,Lost
3468,49,3,1622.1200000000001,4,4,5,445,Champions
3471,263,3,402.35,2,4,3,243,Loyal Customers
3474,31,2,107.0,4,3,1,431,Potential Loyalists
3475,421,3,779.95,1,4,4,144,Loyal Customers
3483,187,6,1024.31,3,5,4,354,Loyal Customers
3486,317,2,381.12,2,3,3,233,At Risk
3487,355,2,391.91999999999996,2,3,3,233,At Risk
3488,350,1,62.580000000000005,2,2,1,221,Needs Attention
3489,36,1,160.62,4,2,2,422,Potential Loyalists
3490,12,6,1618.9,5,5,5,555,Champions
3493,3,3,236.01999999999998,5,4,2,542,Champions
3494,458,1,75.99,1,2,1,121,Lost
3496,51,6,1493.02,4,5,5,455,Champions
3497,57,2,481.11,4,3,3,433,Potential Loyalists
3499,0,3,449.78999999999996,5,4,3,543,Champions
3500,12,1,141.74,5,2,1,521,Potential Loyalists
3501,530,6,1525.54,1,5,5,155,Loyal Customers
3503,90,4,834.4200000000001,3,4,4,344,Loyal Customers
3504,85,2,93.66,3,3,1,331,At Risk
3505,130,12,3292.58,3,5,5,355,Loyal Customers
3506,275,2,174.92999999999998,2,3,2,232,At Risk
3507,18,1,72.04,5,2,1,521,Potential Loyalists
3509,510,4,346.89,1,4,3,143,Loyal Customers
3514,499,1,81.94,1,2,1,121,Lost
3516,73,1,24.79,4,2,1,421,Potential Loyalists
3517,652,1,237.98000000000002,1,2,2,122,Lost
3520,579,8,1636.22,1,5,5,155,Loyal Customers
3524,59,3,780.0400000000001,4,4,4,444,Champions
3525,375,1,193.97,1,2,2,122,Lost
3526,202,21,4478.47,2,5,5,255,Loyal Customers
3527,99,2,1247.34,3,3,4,334,Loyal Customers
3528,133,5,1665.8700000000001,3,4,5,345,Loyal Customers
3530,39,2,692.68,4,3,4,434,Loyal Customers
3531,330,70,18835.88,2,5,5,255,Loyal Customers
3532,292,10,2513.8500000000004,2,5,5,255,Loyal Customers
3533,243,2,637.1800000000001,2,3,3,233,At Risk
3537,492,2,293.97,1,3,2,132,Lost
3538,25,3,1346.02,5,4,5,545,Champions
3540,8,2,127.07000000000001,5,3,1,531,Potential Loyalists
3543,18,6,806.13,5,5,4,554,Champions
3545,202,2,310.38,2,3,2,232,At Risk
3546,70,1,343.3,4,2,3,423,Potential Loyalists
3547,161,3,829.0200000000001,3,4,4,344,Loyal Customers
3548,228,1,25.84,2,2,1,221,Needs Attention
3549,577,4,552.23,1,4,3,143,Loyal Customers
3552,239,6,1653.3400000000001,2,5,5,255,Loyal Customers
3554,45,3,703.7,4,4,4,444,Champions
3555,210,2,620.5,2,3,3,233,At Risk
3556,37,3,598.32,4,4,3,443,Champions
3557,33,3,728.3399999999999,4,4,4,444,Champions
3558,251,1,283.48,2,2,2,222,Needs Attention
3559,142,5,2611.32,3,5,5,355,Loyal Customers
3561,306,2,189.63,2,3,2,232,At Risk
3562,212,2,936.5300000000001,2,3,4,234,At Risk
3563,164,1,203.65,3,2,2,322,Needs Attention
3564,50,20,4486.83,4,5,5,455,Champions
3565,639,6,958.04,1,5,4,154,Loyal Customers
3567,141,3,923.54,3,4,4,344,Loyal Customers
3569,53,1,183.72,4,2,2,422,Potential Loyalists
3570,16,8,1617.23,5,5,5,555,Champions
3571,694,7,1445.6,1,5,5,155,Loyal Customers
3578,26,4,1718.72,5,4,5,545,Champions
3580,143,1,241.47,3,2,2,322,Needs Attention
3582,197,10,1443.45,2,5,5,255,Loyal Customers
3584,74,2,741.02,4,3,4,434,Loyal Customers
3585,31,1,43.690000000000005,4,2,1,421,Potential Loyalists
3588,46,1,1139.18,4,2,4,424,Potential Loyalists
3589,252,3,249.39,2,4,2,242,Loyal Customers
3591,148,2,844.8,3,3,4,334,Loyal Customers
3592,253,2,242.5,2,3,2,232,At Risk
3593,117,2,469.3,3,3,3,333,At Risk
3594,73,1,556.49,4,2,3,423,Potential Loyalists
3595,56,4,693.22,4,4,4,444,Champions
3597,11,2,433.67,5,3,3,533,Potential Loyalists
3598,453,9,2031.75,1,5,5,155,Loyal Customers
3600,276,4,488.45,2,4,3,243,Loyal Customers
